,snow depth,min temp,max temp
1970-12-01,0.0,33.0,42.0
1970-12-02,0.0,34.0,56.0
1970-12-03,0.0,38.0,53.0
1970-12-04,0.0,38.0,57.0
1970-12-05,2.0,22.0,39.0
1970-12-06,2.0,11.0,35.0
1970-12-07,3.0,11.0,17.0
1970-12-08,5.0,10.0,20.0
1970-12-09,3.0,17.0,42.0
1970-12-10,0.0,32.0,44.0
1970-12-11,0.0,28.0,36.0
1970-12-12,0.0,30.0,45.0
1970-12-13,,30.0,45.0
1970-12-14,3.0,23.0,32.0
1970-12-15,2.0,16.0,31.0
1970-12-16,2.0,15.0,30.0
1970-12-17,4.0,23.0,35.0
1970-12-18,3.0,22.0,36.0
1970-12-19,2.0,26.0,45.0
1970-12-20,,27.0,47.0
1970-12-21,,20.0,30.0
1970-12-22,5.0,25.0,31.0
1970-12-23,2.0,29.0,
1970-12-24,1.0,15.0,46.0
1970-12-25,1.0,14.0,20.0
1970-12-26,0.0,,
1970-12-27,8.0,5.0,32.0
1970-12-28,9.0,11.0,20.0
1970-12-29,9.0,10.0,15.0
1970-12-30,9.0,12.0,21.0
1970-12-31,8.0,10.0,19.0
1971-02-01,17.0,-9.0,4.0
1971-02-02,17.0,-11.0,0.0
1971-02-03,15.0,-11.0,10.0
1971-02-04,13.0,7.0,20.0
1971-02-05,14.0,13.0,31.0
1971-02-06,12.0,21.0,46.0
1971-02-07,12.0,21.0,35.0
1971-02-08,15.0,23.0,29.0
1971-02-09,24.0,7.0,29.0
1971-02-10,24.0,-3.0,8.0
1971-02-11,22.0,-1.0,18.0
1971-02-12,19.0,5.0,40.0
1971-02-13,13.0,33.0,50.0
1971-02-14,25.0,2.0,37.0
1971-02-15,24.0,2.0,15.0
1971-02-16,23.0,14.0,22.0
1971-02-17,23.0,15.0,26.0
1971-02-18,20.0,22.0,41.0
1971-02-19,18.0,30.0,46.0
1971-02-20,16.0,35.0,50.0
1971-02-21,12.0,31.0,52.0
1971-02-22,12.0,30.0,32.0
1971-02-23,11.0,29.0,39.0
1971-02-24,14.0,23.0,30.0
1971-02-25,14.0,24.0,27.0
1971-02-26,12.0,25.0,43.0
1971-02-27,9.0,38.0,52.0
1971-02-28,7.0,30.0,50.0
1971-03-01,6.0,24.0,43.0
1971-03-02,5.0,24.0,47.0
1971-03-03,6.0,25.0,37.0
1971-03-04,20.0,10.0,27.0
1971-03-05,20.0,9.0,20.0
1971-03-06,16.0,19.0,39.0
1971-03-07,13.0,23.0,41.0
1971-03-08,15.0,14.0,27.0
1971-03-09,19.0,10.0,17.0
1971-03-10,18.0,10.0,26.0
1971-03-11,19.0,24.0,37.0
1971-03-12,19.0,20.0,34.0
1971-03-13,15.0,31.0,45.0
1971-03-14,11.0,35.0,52.0
1971-03-15,7.0,41.0,58.0
1971-03-16,4.0,36.0,62.0
1971-03-17,7.0,13.0,40.0
1971-03-18,5.0,14.0,25.0
1971-03-19,5.0,14.0,38.0
1971-03-20,9.0,22.0,34.0
1971-03-21,14.0,20.0,26.0
1971-03-22,11.0,20.0,40.0
1971-03-23,12.0,16.0,35.0
1971-03-24,18.0,15.0,23.0
1971-03-25,18.0,6.0,24.0
1971-03-26,14.0,9.0,31.0
1971-03-27,13.0,17.0,33.0
1971-03-28,13.0,,
1971-03-29,8.0,23.0,54.0
1971-03-30,8.0,21.0,39.0
1971-03-31,7.0,15.0,32.0
1971-12-01,11.0,16.0,29.0
1971-12-02,12.0,16.0,23.0
1971-12-03,11.0,9.0,23.0
1971-12-04,10.0,11.0,25.0
1971-12-05,10.0,13.0,33.0
1971-12-06,10.0,21.0,33.0
1971-12-07,7.0,32.0,49.0
1971-12-08,3.0,41.0,51.0
1971-12-09,,39.0,44.0
1971-12-10,,39.0,48.0
1971-12-11,0.0,39.0,69.0
1971-12-12,0.0,31.0,42.0
1971-12-13,0.0,31.0,51.0
1971-12-14,0.0,25.0,46.0
1971-12-15,0.0,25.0,54.0
1971-12-16,0.0,43.0,61.0
1971-12-17,0.0,30.0,45.0
1971-12-18,4.0,9.0,31.0
1971-12-19,5.0,10.0,24.0
1971-12-20,1.0,20.0,
1971-12-21,,37.0,42.0
1971-12-22,,17.0,38.0
1971-12-23,,16.0,29.0
1971-12-24,0.0,18.0,46.0
1971-12-25,0.0,26.0,44.0
1971-12-26,0.0,,
1971-12-27,0.0,47.0,
1971-12-28,0.0,46.0,56.0
1971-12-29,,18.0,47.0
1971-12-30,0.0,18.0,36.0
1971-12-31,0.0,20.0,59.0
1972-01-01,,18.0,29.0
1972-01-02,1.0,27.0,39.0
1972-01-03,1.0,23.0,39.0
1972-01-04,,22.0,40.0
1972-01-05,3.0,22.0,42.0
1972-01-06,5.0,12.0,23.0
1972-01-07,4.0,12.0,24.0
1972-01-08,4.0,18.0,25.0
1972-01-09,4.0,18.0,36.0
1972-01-10,,31.0,43.0
1972-01-11,0.0,38.0,48.0
1972-01-12,0.0,26.0,42.0
1972-01-13,0.0,25.0,41.0
1972-01-14,2.0,12.0,64.0
1972-01-15,2.0,4.0,24.0
1972-01-16,3.0,-17.0,5.0
1972-01-17,3.0,-16.0,18.0
1972-01-18,2.0,18.0,37.0
1972-01-19,0.0,18.0,49.0
1972-01-20,0.0,27.0,42.0
1972-01-21,0.0,28.0,50.0
1972-01-22,0.0,27.0,33.0
1972-01-23,0.0,33.0,49.0
1972-01-24,0.0,30.0,48.0
1972-01-25,0.0,28.0,52.0
1972-01-26,0.0,7.0,29.0
1972-01-27,,6.0,24.0
1972-01-28,4.0,6.0,25.0
1972-01-29,4.0,10.0,22.0
1972-01-30,,11.0,26.0
1972-01-31,,1.0,19.0
1972-02-01,4.0,0.0,21.0
1972-02-02,4.0,20.0,30.0
1972-02-03,4.0,22.0,28.0
1972-02-04,18.0,7.0,31.0
1972-02-05,18.0,-4.0,9.0
1972-02-06,16.0,-2.0,28.0
1972-02-07,20.0,10.0,30.0
1972-02-08,18.0,-4.0,12.0
1972-02-09,18.0,-1.0,14.0
1972-02-10,17.0,0.0,21.0
1972-02-11,16.0,-1.0,25.0
1972-02-12,15.0,10.0,33.0
1972-02-13,18.0,28.0,43.0
1972-02-14,24.0,25.0,32.0
1972-02-15,22.0,22.0,43.0
1972-02-16,21.0,20.0,44.0
1972-02-17,21.0,15.0,27.0
1972-02-18,22.0,17.0,24.0
1972-02-19,30.0,18.0,28.0
1972-02-20,31.0,6.0,19.0
1972-02-21,31.0,3.0,20.0
1972-02-22,25.0,17.0,42.0
1972-02-23,24.0,0.0,18.0
1972-02-24,25.0,4.0,37.0
1972-02-25,24.0,25.0,33.0
1972-02-26,22.0,25.0,41.0
1972-02-27,25.0,12.0,33.0
1972-02-28,23.0,22.0,40.0
1972-02-29,19.0,31.0,51.0
1972-03-01,15.0,44.0,58.0
1972-03-02,10.0,50.0,65.0
1972-03-03,6.0,15.0,58.0
1972-03-04,8.0,6.0,27.0
1972-03-05,10.0,9.0,31.0
1972-03-06,12.0,5.0,21.0
1972-03-07,11.0,6.0,40.0
1972-03-08,6.0,27.0,58.0
1972-03-09,12.0,6.0,28.0
1972-03-10,15.0,6.0,23.0
1972-03-11,12.0,10.0,25.0
1972-03-12,9.0,15.0,51.0
1972-03-13,3.0,44.0,53.0
1972-03-14,2.0,31.0,
1972-03-15,4.0,24.0,
1972-03-16,2.0,24.0,
1972-03-17,1.0,30.0,47.0
1972-03-18,2.0,25.0,47.0
1972-03-19,2.0,20.0,40.0
1972-03-20,2.0,21.0,39.0
1972-03-21,1.0,24.0,50.0
1972-03-22,1.0,33.0,62.0
1972-03-23,2.0,15.0,48.0
1972-03-24,5.0,10.0,25.0
1972-03-25,5.0,8.0,31.0
1972-03-26,5.0,15.0,29.0
1972-03-27,4.0,16.0,43.0
1972-03-28,3.0,20.0,40.0
1972-03-29,2.0,21.0,41.0
1972-03-30,1.0,26.0,44.0
1972-03-31,1.0,28.0,40.0
1972-12-01,14.0,21.0,33.0
1972-12-02,15.0,24.0,35.0
1972-12-03,8.0,26.0,45.0
1972-12-04,5.0,34.0,40.0
1972-12-05,2.0,37.0,52.0
1972-12-06,0.0,49.0,55.0
1972-12-07,0.0,12.0,55.0
1972-12-08,0.0,10.0,25.0
1972-12-09,0.0,24.0,48.0
1972-12-10,0.0,37.0,51.0
1972-12-11,0.0,17.0,46.0
1972-12-12,0.0,16.0,25.0
1972-12-13,0.0,23.0,55.0
1972-12-14,0.0,24.0,38.0
1972-12-15,0.0,25.0,33.0
1972-12-16,1.0,8.0,33.0
1972-12-17,6.0,4.0,9.0
1972-12-18,6.0,6.0,22.0
1972-12-19,4.0,19.0,34.0
1972-12-20,2.0,31.0,41.0
1972-12-21,,34.0,40.0
1972-12-22,,33.0,39.0
1972-12-23,0.0,33.0,38.0
1972-12-24,0.0,36.0,40.0
1972-12-25,0.0,35.0,39.0
1972-12-26,0.0,,
1972-12-27,2.0,22.0,36.0
1972-12-28,1.0,20.0,27.0
1972-12-29,1.0,21.0,27.0
1972-12-30,1.0,20.0,33.0
1972-12-31,0.0,32.0,47.0
1973-01-01,0.0,29.0,58.0
1973-01-02,0.0,19.0,39.0
1973-01-03,0.0,16.0,27.0
1973-01-06,0.0,,
1973-01-07,1.0,,
1973-01-08,1.0,2.0,
1973-01-09,1.0,0.0,16.0
1973-01-10,2.0,-1.0,17.0
1973-01-11,2.0,4.0,16.0
1973-01-12,3.0,3.0,20.0
1973-01-13,2.0,2.0,16.0
1973-01-14,1.0,12.0,33.0
1973-01-15,2.0,24.0,30.0
1973-01-16,2.0,22.0,30.0
1973-01-17,1.0,22.0,43.0
1973-01-18,,32.0,50.0
1973-01-19,,39.0,58.0
1973-01-20,1.0,23.0,45.0
1973-01-21,2.0,9.0,24.0
1973-01-22,1.0,13.0,36.0
1973-01-23,,30.0,45.0
1973-01-24,2.0,18.0,31.0
1973-01-25,3.0,18.0,25.0
1973-01-26,1.0,23.0,40.0
1973-01-27,,37.0,55.0
1973-01-28,0.0,35.0,41.0
1973-01-29,3.0,14.0,37.0
1973-01-30,5.0,,
1973-01-31,0.0,,
1973-02-24,12.0,17.0,28.0
1973-02-25,12.0,15.0,42.0
1973-02-26,11.0,15.0,43.0
1973-02-27,10.0,20.0,35.0
1973-02-28,10.0,18.0,41.0
1973-03-01,7.0,21.0,50.0
1973-03-02,6.0,29.0,55.0
1973-03-03,,39.0,46.0
1973-03-04,,42.0,56.0
1973-03-05,,40.0,48.0
1973-03-06,,38.0,49.0
1973-03-07,,38.0,47.0
1973-03-08,0.0,,
1973-03-09,0.0,42.0,61.0
1973-03-10,0.0,41.0,61.0
1973-03-11,0.0,42.0,59.0
1973-03-12,0.0,36.0,57.0
1973-03-13,0.0,33.0,55.0
1973-03-14,0.0,46.0,75.0
1973-03-15,0.0,47.0,80.0
1973-03-16,0.0,46.0,57.0
1973-03-17,1.0,18.0,56.0
1973-03-18,4.0,20.0,25.0
1973-03-19,5.0,16.0,26.0
1973-03-20,4.0,19.0,35.0
1973-03-21,4.0,25.0,40.0
1973-03-22,4.0,22.0,34.0
1973-03-23,1.0,19.0,42.0
1973-03-24,,23.0,59.0
1973-03-25,,38.0,51.0
1973-03-26,,39.0,54.0
1973-03-27,0.0,31.0,56.0
1973-03-28,0.0,39.0,59.0
1973-03-29,0.0,44.0,55.0
1973-03-30,0.0,44.0,55.0
1973-03-31,0.0,43.0,50.0
1973-12-01,,25.0,50.0
1973-12-02,0.0,22.0,43.0
1973-12-03,0.0,33.0,55.0
1973-12-04,0.0,47.0,59.0
1973-12-05,0.0,43.0,58.0
1973-12-06,0.0,26.0,54.0
1973-12-07,0.0,19.0,38.0
1973-12-08,0.0,22.0,29.0
1973-12-09,9.0,22.0,32.0
1973-12-10,9.0,,30.0
1973-12-11,,19.0,
1973-12-13,,10.0,33.0
1973-12-14,,21.0,34.0
1973-12-15,,18.0,24.0
1973-12-16,,11.0,25.0
1973-12-17,16.0,6.0,24.0
1973-12-18,16.0,6.0,15.0
1973-12-19,15.0,10.0,20.0
1973-12-20,10.0,18.0,41.0
1973-12-21,10.0,21.0,35.0
1973-12-22,10.0,10.0,24.0
1973-12-23,10.0,18.0,30.0
1973-12-24,10.0,,29.0
1973-12-25,,,35.0
1973-12-28,,28.0,
1973-12-29,,29.0,43.0
1973-12-30,,21.0,39.0
1973-12-31,0.0,,
1974-01-01,0.0,,
1974-01-02,0.0,,
1974-01-03,2.0,11.0,30.0
1974-01-04,2.0,15.0,30.0
1974-01-05,2.0,11.0,28.0
1974-01-06,2.0,19.0,26.0
1974-01-07,3.0,19.0,25.0
1974-01-08,3.0,4.0,21.0
1974-01-09,4.0,16.0,38.0
1974-01-10,1.0,27.0,42.0
1974-01-11,1.0,23.0,49.0
1974-01-12,3.0,7.0,35.0
1974-01-13,3.0,2.0,15.0
1974-01-14,2.0,11.0,36.0
1974-01-15,,31.0,44.0
1974-01-16,,29.0,50.0
1974-01-17,,31.0,45.0
1974-01-18,,30.0,47.0
1974-01-19,,39.0,52.0
1974-01-20,,31.0,41.0
1974-01-21,0.0,33.0,48.0
1974-01-22,0.0,35.0,47.0
1974-01-23,0.0,30.0,53.0
1974-01-24,0.0,25.0,52.0
1974-01-25,0.0,24.0,40.0
1974-01-26,0.0,32.0,50.0
1974-01-27,0.0,36.0,56.0
1974-01-28,0.0,36.0,54.0
1974-01-29,0.0,30.0,49.0
1974-01-30,0.0,31.0,48.0
1974-01-31,0.0,34.0,52.0
1974-02-01,0.0,17.0,50.0
1974-02-02,0.0,27.0,33.0
1974-02-03,,20.0,30.0
1974-02-04,,10.0,29.0
1974-02-05,,7.0,17.0
1974-02-06,,13.0,32.0
1974-02-07,,12.0,36.0
1974-02-08,,13.0,22.0
1974-02-09,0.0,6.0,29.0
1974-02-10,4.0,4.0,23.0
1974-02-11,6.0,2.0,25.0
1974-02-12,3.0,17.0,42.0
1974-02-13,,28.0,52.0
1974-02-15,,15.0,35.0
1974-02-16,,14.0,31.0
1974-02-17,,18.0,42.0
1974-02-18,0.0,20.0,41.0
1974-02-19,0.0,29.0,44.0
1974-02-20,0.0,23.0,50.0
1974-02-21,0.0,27.0,40.0
1974-02-22,0.0,31.0,54.0
1974-02-23,,15.0,52.0
1974-02-24,4.0,11.0,34.0
1974-02-25,6.0,5.0,41.0
1974-02-26,6.0,4.0,24.0
1974-02-27,3.0,14.0,41.0
1974-02-28,,28.0,47.0
1974-03-01,,21.0,41.0
1974-03-02,0.0,30.0,51.0
1974-03-03,0.0,41.0,65.0
1974-03-04,0.0,44.0,68.0
1974-03-05,0.0,37.0,67.0
1974-03-06,0.0,,
1974-03-07,0.0,,
1974-03-08,0.0,42.0,61.0
1974-03-09,0.0,37.0,69.0
1974-03-10,0.0,27.0,
1974-03-11,,23.0,40.0
1974-03-12,0.0,,
1974-03-13,0.0,,
1974-03-14,0.0,,
1974-03-15,0.0,14.0,43.0
1974-03-16,0.0,28.0,43.0
1974-03-17,,20.0,42.0
1974-03-18,0.0,21.0,34.0
1974-03-19,0.0,31.0,43.0
1974-03-20,0.0,,
1974-03-21,0.0,,
1974-03-22,0.0,21.0,41.0
1974-03-23,0.0,30.0,52.0
1974-03-24,0.0,15.0,47.0
1974-03-25,0.0,,
1974-03-26,0.0,,
1974-03-27,0.0,,
1974-03-28,0.0,,
1974-03-29,0.0,26.0,41.0
1974-03-30,0.0,,38.0
1974-03-31,1.0,28.0,38.0
1974-12-02,,18.0,32.0
1974-12-03,,20.0,31.0
1974-12-04,0.0,,
1974-12-05,0.0,13.0,28.0
1974-12-06,0.0,24.0,31.0
1974-12-07,0.0,,
1974-12-08,,24.0,43.0
1974-12-10,0.0,,
1974-12-11,0.0,,
1974-12-12,0.19,19.0,45.0
1974-12-13,0.01,33.0,35.0
1974-12-14,0.13,27.0,35.0
1974-12-15,0.0,23.0,31.0
1974-12-16,0.0,28.0,36.0
1974-12-17,0.05,25.0,36.0
1974-12-18,0.2,16.0,32.0
1974-12-19,0.04,16.0,26.0
1974-12-20,0.13,18.0,34.0
1974-12-21,0.0,18.0,32.0
1974-12-22,0.14,25.0,36.0
1974-12-23,0.0,21.0,41.0
1974-12-24,0.45,37.0,46.0
1974-12-25,0.57,,
1974-12-26,0.05,18.0,35.0
1974-12-27,0.0,17.0,30.0
1974-12-28,0.04,28.0,33.0
1974-12-29,0.0,28.0,34.0
1974-12-30,0.01,33.0,42.0
1974-12-31,0.0,25.0,37.0
1975-01-01,1.0,,
1975-01-02,1.0,21.0,47.0
1975-01-03,1.0,20.0,35.0
1975-01-04,1.0,25.0,35.0
1975-01-05,2.0,19.0,26.0
1975-01-06,2.0,18.0,31.0
1975-01-07,1.0,23.0,33.0
1975-01-08,1.0,30.0,42.0
1975-01-09,1.0,35.0,49.0
1975-01-10,1.0,30.0,36.0
1975-01-11,0.0,25.0,48.0
1975-01-12,0.0,27.0,54.0
1975-01-13,6.0,19.0,39.0
1975-01-14,6.0,,
1975-01-15,7.0,3.0,20.0
1975-01-16,7.0,10.0,21.0
1975-01-17,8.0,10.0,23.0
1975-01-18,8.0,20.0,24.0
1975-01-19,10.0,20.0,37.0
1975-01-22,11.0,2.0,34.0
1975-01-23,11.0,23.0,39.0
1975-01-24,10.0,23.0,35.0
1975-01-25,7.0,,46.0
1975-01-26,5.0,24.0,45.0
1975-01-27,5.0,,
1975-01-28,4.0,29.0,36.0
1975-01-29,1.0,30.0,53.0
1975-01-30,0.0,24.0,58.0
1975-01-31,4.0,23.0,29.0
1975-12-01,,26.0,61.0
1975-12-02,0.0,18.0,27.0
1975-12-03,0.0,12.0,40.0
1975-12-04,,15.0,29.0
1975-12-05,0.0,19.0,50.0
1975-12-06,0.0,38.0,59.0
1975-12-07,,22.0,54.0
1975-12-08,,20.0,35.0
1975-12-09,,23.0,40.0
1975-12-10,2.0,25.0,33.0
1975-12-11,3.0,15.0,27.0
1975-12-12,3.0,24.0,30.0
1975-12-13,3.0,27.0,34.0
1975-12-14,1.0,32.0,50.0
1975-12-15,,28.0,59.0
1975-12-16,0.0,29.0,56.0
1975-12-17,0.0,26.0,30.0
1975-12-18,1.0,7.0,37.0
1975-12-19,2.0,-1.0,11.0
1975-12-20,2.0,-2.0,23.0
1975-12-21,2.0,21.0,33.0
1975-12-22,3.0,8.0,28.0
1975-12-23,3.0,3.0,17.0
1975-12-24,4.0,7.0,23.0
1975-12-25,4.0,7.0,23.0
1975-12-26,6.0,18.0,31.0
1975-12-27,4.0,24.0,39.0
1975-12-28,4.0,20.0,25.0
1975-12-29,5.0,20.0,26.0
1975-12-30,4.0,23.0,35.0
1975-12-31,,32.0,46.0
1976-01-01,,23.0,46.0
1976-01-02,2.0,19.0,26.0
1976-01-03,1.0,20.0,42.0
1976-01-04,2.0,5.0,38.0
1976-01-05,2.0,0.0,10.0
1976-01-06,2.0,3.0,13.0
1976-01-07,2.0,10.0,39.0
1976-01-08,7.0,11.0,39.0
1976-01-09,8.0,-6.0,11.0
1976-01-10,8.0,-7.0,3.0
1976-01-11,8.0,0.0,24.0
1976-01-12,10.0,16.0,33.0
1976-01-13,10.0,15.0,32.0
1976-01-14,6.0,24.0,45.0
1976-01-15,6.0,14.0,42.0
1976-01-16,7.0,13.0,27.0
1976-01-17,8.0,5.0,30.0
1976-01-18,8.0,-3.0,19.0
1976-01-19,8.0,-3.0,11.0
1976-01-20,8.0,9.0,35.0
1976-01-21,9.0,20.0,28.0
1976-01-22,14.0,11.0,22.0
1976-01-23,17.0,-2.0,13.0
1976-01-24,12.0,-1.0,42.0
1976-01-25,9.0,22.0,48.0
1976-01-26,7.0,29.0,40.0
1976-01-27,,23.0,48.0
1976-01-28,,10.0,25.0
1976-01-29,10.0,10.0,29.0
1976-01-30,11.0,16.0,28.0
1976-01-31,13.0,19.0,27.0
1976-02-01,13.0,20.0,32.0
1976-02-02,12.0,-13.0,34.0
1976-02-03,12.0,-10.0,8.0
1976-02-04,12.0,8.0,33.0
1976-02-05,12.0,16.0,33.0
1976-02-06,11.0,14.0,32.0
1976-02-07,12.0,5.0,16.0
1976-02-08,12.0,5.0,16.0
1976-02-09,15.0,14.0,22.0
1976-02-10,14.0,14.0,38.0
1976-02-11,13.0,22.0,55.0
1976-02-12,13.0,20.0,33.0
1976-02-13,6.0,19.0,47.0
1976-02-14,5.0,17.0,47.0
1976-02-15,5.0,17.0,34.0
1976-02-16,1.0,30.0,53.0
1976-02-17,,32.0,56.0
1976-02-18,,35.0,50.0
1976-02-19,,30.0,55.0
1976-02-20,,28.0,50.0
1976-02-21,0.0,25.0,42.0
1976-02-22,0.0,36.0,62.0
1976-02-23,,10.0,40.0
1976-02-24,,12.0,32.0
1976-02-25,0.0,27.0,56.0
1976-02-26,0.0,46.0,59.0
1976-02-27,0.0,35.0,58.0
1976-02-28,0.0,28.0,54.0
1976-02-29,0.0,32.0,51.0
1976-03-01,0.0,43.0,66.0
1976-03-02,0.0,43.0,63.0
1976-03-03,0.0,50.0,62.0
1976-03-04,0.0,51.0,71.0
1976-03-05,0.0,52.0,72.0
1976-03-06,0.0,17.0,65.0
1976-03-07,0.0,22.0,45.0
1976-03-08,,18.0,42.0
1976-03-09,1.0,15.0,32.0
1976-03-10,4.0,19.0,24.0
1976-03-11,4.0,22.0,44.0
1976-03-12,2.0,21.0,36.0
1976-03-13,0.0,30.0,48.0
1976-03-14,1.0,,34.0
1976-03-15,,18.0,38.0
1976-03-16,,24.0,45.0
1976-03-17,6.0,10.0,32.0
1976-03-18,6.0,12.0,17.0
1976-03-19,3.0,17.0,48.0
1976-03-20,,38.0,61.0
1976-03-21,0.0,49.0,70.0
1976-03-22,0.0,18.0,54.0
1976-03-23,0.0,16.0,36.0
1976-03-24,0.0,29.0,49.0
1976-03-25,0.0,41.0,64.0
1976-03-26,0.0,40.0,61.0
1976-03-27,0.0,50.0,67.0
1976-03-28,0.0,30.0,64.0
1976-03-29,0.0,25.0,50.0
1976-03-30,0.0,39.0,51.0
1976-03-31,0.0,43.0,52.0
1976-12-01,3.0,2.0,13.0
1976-12-02,4.0,12.0,32.0
1976-12-03,5.0,-5.0,23.0
1976-12-04,5.0,4.0,28.0
1976-12-05,6.0,13.0,29.0
1976-12-06,6.0,19.0,32.0
1976-12-07,4.0,21.0,40.0
1976-12-08,4.0,5.0,39.0
1976-12-09,4.0,6.0,14.0
1976-12-10,4.0,13.0,45.0
1976-12-11,2.0,17.0,46.0
1976-12-12,,24.0,41.0
1976-12-13,,13.0,40.0
1976-12-14,,5.0,22.0
1976-12-15,,18.0,44.0
1976-12-16,,31.0,43.0
1976-12-17,,20.0,42.0
1976-12-18,,21.0,25.0
1976-12-19,,22.0,45.0
1976-12-20,,40.0,53.0
1976-12-21,2.0,6.0,47.0
1976-12-22,2.0,4.0,9.0
1976-12-23,2.0,6.0,24.0
1976-12-24,5.0,0.0,23.0
1976-12-25,5.0,-1.0,33.0
1976-12-26,8.0,20.0,38.0
1976-12-27,13.0,8.0,25.0
1976-12-28,13.0,10.0,36.0
1976-12-29,13.0,10.0,35.0
1976-12-30,14.0,-5.0,14.0
1976-12-31,14.0,0.0,24.0
1977-01-01,14.0,-3.0,6.0
1977-01-02,14.0,-1.0,6.0
1977-01-03,14.0,4.0,16.0
1977-01-04,14.0,15.0,26.0
1977-01-05,14.0,14.0,21.0
1977-01-06,13.0,16.0,24.0
1977-01-07,17.0,19.0,29.0
1977-01-08,17.0,0.0,21.0
1977-01-09,15.0,2.0,20.0
1977-01-10,17.0,12.0,20.0
1977-01-11,17.0,-2.0,27.0
1977-01-12,17.0,0.0,4.0
1977-01-13,17.0,-9.0,4.0
1977-01-14,17.0,-5.0,26.0
1977-01-15,20.0,15.0,30.0
1977-01-16,25.0,8.0,20.0
1977-01-17,25.0,-17.0,9.0
1977-01-18,25.0,-16.0,-6.0
1977-01-19,25.0,-9.0,2.0
1977-01-20,23.0,-7.0,10.0
1977-01-21,24.0,3.0,18.0
1977-01-22,26.0,5.0,13.0
1977-01-23,26.0,-1.0,10.0
1977-01-24,25.0,0.0,25.0
1977-01-25,27.0,18.0,27.0
1977-01-26,29.0,13.0,23.0
1977-01-27,29.0,4.0,27.0
1977-01-28,28.0,7.0,23.0
1977-01-29,28.0,-15.0,38.0
1977-01-30,28.0,-13.0,5.0
1977-01-31,28.0,-6.0,7.0
1977-02-01,28.0,1.0,12.0
1977-02-02,27.0,2.0,10.0
1977-02-03,27.0,7.0,27.0
1977-02-04,27.0,20.0,30.0
1977-02-05,31.0,11.0,28.0
1977-02-06,32.0,-3.0,12.0
1977-02-07,32.0,-4.0,4.0
1977-02-08,32.0,0.0,10.0
1977-02-09,31.0,3.0,24.0
1977-02-10,29.0,18.0,36.0
1977-02-11,26.0,29.0,44.0
1977-02-12,23.0,26.0,48.0
1977-02-13,21.0,28.0,45.0
1977-02-14,21.0,15.0,30.0
1977-02-15,22.0,13.0,33.0
1977-02-16,22.0,3.0,15.0
1977-02-17,22.0,-2.0,14.0
1977-02-18,22.0,0.0,15.0
1977-02-19,22.0,15.0,32.0
1977-02-20,27.0,14.0,31.0
1977-02-21,28.0,5.0,20.0
1977-02-22,28.0,7.0,31.0
1977-02-23,18.0,31.0,49.0
1977-02-24,15.0,40.0,58.0
1977-02-25,12.0,34.0,45.0
1977-02-26,11.0,20.0,48.0
1977-02-27,6.0,32.0,52.0
1977-02-28,5.0,20.0,56.0
1977-03-01,7.0,20.0,27.0
1977-03-02,9.0,10.0,27.0
1977-03-03,7.0,12.0,33.0
1977-03-04,4.0,27.0,50.0
1977-03-05,2.0,34.0,50.0
1977-03-06,,15.0,46.0
1977-03-07,,23.0,40.0
1977-03-08,,22.0,31.0
1977-03-09,,23.0,48.0
1977-03-10,,40.0,62.0
1977-03-11,,42.0,63.0
1977-03-12,,45.0,65.0
1977-03-13,,46.0,51.0
1977-03-14,,38.0,55.0
1977-03-15,,37.0,44.0
1977-03-16,,36.0,64.0
1977-03-17,,25.0,47.0
1977-03-18,1.0,26.0,44.0
1977-03-19,,21.0,46.0
1977-03-20,,22.0,35.0
1977-03-21,,21.0,45.0
1977-03-22,0.0,25.0,50.0
1977-03-23,,19.0,40.0
1977-03-24,,16.0,40.0
1977-03-25,,11.0,33.0
1977-03-26,,11.0,35.0
1977-03-27,,20.0,46.0
1977-03-28,0.0,39.0,63.0
1977-03-29,0.0,38.0,60.0
1977-03-30,0.0,55.0,74.0
1977-03-31,0.0,41.0,76.0
1977-12-01,2.0,28.0,43.0
1977-12-02,,20.0,58.0
1977-12-03,,28.0,38.0
1977-12-04,,21.0,35.0
1977-12-05,2.0,21.0,33.0
1977-12-06,2.0,19.0,36.0
1977-12-07,5.0,-1.0,21.0
1977-12-08,,-2.0,8.0
1977-12-09,,4.0,35.0
1977-12-10,,-4.0,32.0
1977-12-11,,-6.0,7.0
1977-12-12,,0.0,16.0
1977-12-13,7.0,16.0,36.0
1977-12-14,4.0,32.0,48.0
1977-12-15,,30.0,50.0
1977-12-16,,27.0,37.0
1977-12-17,,28.0,50.0
1977-12-18,,32.0,50.0
1977-12-19,1.0,28.0,38.0
1977-12-20,1.0,27.0,31.0
1977-12-21,3.0,23.0,30.0
1977-12-22,3.0,15.0,26.0
1977-12-23,3.0,17.0,32.0
1977-12-24,0.0,,42.0
1977-12-25,,25.0,45.0
1977-12-26,1.0,-2.0,26.0
1977-12-27,2.0,-2.0,8.0
1977-12-28,5.0,0.0,15.0
1977-12-29,5.0,-1.0,14.0
1977-12-30,5.0,10.0,29.0
1977-12-31,2.0,25.0,40.0
1978-01-01,2.0,20.0,40.0
1978-01-02,7.0,14.0,32.0
1978-01-03,8.0,7.0,20.0
1978-01-04,8.0,5.0,15.0
1978-01-05,6.0,12.0,32.0
1978-01-06,6.0,28.0,38.0
1978-01-07,5.0,29.0,33.0
1978-01-08,4.0,30.0,35.0
1978-01-09,6.0,10.0,44.0
1978-01-10,6.0,-9.0,12.0
1978-01-11,6.0,-11.0,0.0
1978-01-12,6.0,-2.0,8.0
1978-01-13,7.0,3.0,22.0
1978-01-14,13.0,17.0,25.0
1978-01-15,14.0,5.0,20.0
1978-01-16,14.0,5.0,12.0
1978-01-17,18.0,5.0,19.0
1978-01-18,30.0,14.0,23.0
1978-01-19,28.0,12.0,20.0
1978-01-20,31.0,11.0,20.0
1978-01-21,36.0,11.0,21.0
1978-01-22,36.0,8.0,18.0
1978-01-23,36.0,8.0,18.0
1978-01-24,36.0,9.0,28.0
1978-01-25,31.0,23.0,39.0
1978-01-26,22.0,24.0,40.0
1978-01-27,22.0,0.0,26.0
1978-01-28,23.0,-1.0,8.0
1978-01-29,24.0,-1.0,8.0
1978-01-30,25.0,2.0,9.0
1978-01-31,25.0,4.0,13.0
1978-02-01,25.0,0.0,11.0
1978-02-02,25.0,1.0,15.0
1978-02-03,26.0,7.0,21.0
1978-02-04,26.0,0.0,18.0
1978-02-05,24.0,0.0,20.0
1978-02-06,28.0,2.0,19.0
1978-02-07,30.0,-4.0,8.0
1978-02-08,31.0,-4.0,9.0
1978-02-09,30.0,4.0,22.0
1978-02-10,29.0,1.0,29.0
1978-02-11,29.0,2.0,20.0
1978-02-12,28.0,7.0,20.0
1978-02-13,27.0,10.0,25.0
1978-02-14,28.0,9.0,23.0
1978-02-15,28.0,8.0,21.0
1978-02-16,27.0,13.0,28.0
1978-02-17,28.0,17.0,34.0
1978-02-18,28.0,18.0,28.0
1978-02-19,31.0,-4.0,24.0
1978-02-20,30.0,-5.0,19.0
1978-02-21,28.0,5.0,27.0
1978-02-22,28.0,2.0,20.0
1978-02-23,28.0,3.0,13.0
1978-02-24,30.0,4.0,26.0
1978-02-25,30.0,14.0,28.0
1978-02-26,33.0,18.0,32.0
1978-02-27,34.0,9.0,26.0
1978-02-28,34.0,8.0,20.0
1978-03-01,34.0,13.0,30.0
1978-03-02,34.0,0.0,21.0
1978-03-03,35.0,-2.0,23.0
1978-03-04,38.0,9.0,25.0
1978-03-05,38.0,2.0,15.0
1978-03-06,37.0,3.0,20.0
1978-03-07,36.0,8.0,24.0
1978-03-08,35.0,9.0,29.0
1978-03-09,33.0,18.0,34.0
1978-03-10,31.0,18.0,40.0
1978-03-11,30.0,24.0,43.0
1978-03-12,28.0,27.0,47.0
1978-03-13,26.0,28.0,40.0
1978-03-14,23.0,31.0,40.0
1978-03-15,18.0,28.0,50.0
1978-03-16,23.0,25.0,32.0
1978-03-17,27.0,18.0,34.0
1978-03-18,29.0,16.0,27.0
1978-03-19,27.0,17.0,42.0
1978-03-20,24.0,12.0,40.0
1978-03-21,19.0,21.0,55.0
1978-03-22,14.0,25.0,61.0
1978-03-23,10.0,30.0,49.0
1978-03-24,8.0,29.0,48.0
1978-03-25,8.0,23.0,41.0
1978-03-26,8.0,25.0,30.0
1978-03-27,,25.0,35.0
1978-03-28,,27.0,36.0
1978-03-29,7.0,30.0,50.0
1978-03-30,5.0,19.0,47.0
1978-03-31,3.0,20.0,40.0
1978-12-01,,21.0,40.0
1978-12-02,,22.0,43.0
1978-12-03,,32.0,45.0
1978-12-04,0.0,35.0,57.0
1978-12-05,0.0,27.0,58.0
1978-12-06,0.0,29.0,43.0
1978-12-07,0.0,36.0,46.0
1978-12-08,0.0,,60.0
1978-12-09,,28.0,60.0
1978-12-10,5.0,8.0,30.0
1978-12-11,5.0,5.0,14.0
1978-12-12,4.0,9.0,29.0
1978-12-13,4.0,25.0,37.0
1978-12-14,2.0,16.0,40.0
1978-12-15,2.0,18.0,30.0
1978-12-16,2.0,30.0,40.0
1978-12-17,1.0,25.0,48.0
1978-12-18,1.0,21.0,27.0
1978-12-19,1.0,18.0,30.0
1978-12-20,1.0,18.0,25.0
1978-12-21,,25.0,55.0
1978-12-22,,19.0,39.0
1978-12-23,,20.0,35.0
1978-12-24,,25.0,35.0
1978-12-25,6.0,26.0,36.0
1978-12-26,6.0,19.0,27.0
1978-12-27,8.0,9.0,30.0
1978-12-28,9.0,9.0,16.0
1978-12-29,9.0,6.0,22.0
1978-12-30,8.0,10.0,28.0
1978-12-31,4.0,25.0,36.0
1979-01-01,2.0,33.0,56.0
1979-01-02,,27.0,53.0
1979-01-03,3.0,-7.0,29.0
1979-01-04,3.0,-9.0,
1979-01-05,3.0,5.0,14.0
1979-01-06,7.0,5.0,19.0
1979-01-07,8.0,14.0,25.0
1979-01-08,3.0,13.0,45.0
1979-01-09,3.0,-5.0,15.0
1979-01-10,,-5.0,14.0
1979-01-11,,0.0,15.0
1979-01-12,6.0,0.0,14.0
1979-01-13,6.0,7.0,22.0
1979-01-14,3.0,21.0,45.0
1979-01-15,3.0,-4.0,41.0
1979-01-16,3.0,-5.0,25.0
1979-01-17,3.0,16.0,27.0
1979-01-18,3.0,11.0,38.0
1979-01-19,3.0,-1.0,13.0
1979-01-20,3.0,0.0,18.0
1979-01-21,3.0,15.0,30.0
1979-01-22,4.0,20.0,34.0
1979-01-23,4.0,15.0,21.0
1979-01-24,4.0,13.0,30.0
1979-01-25,7.0,11.0,37.0
1979-01-26,8.0,10.0,16.0
1979-01-27,8.0,14.0,19.0
1979-01-28,13.0,18.0,25.0
1979-01-29,15.0,20.0,27.0
1979-01-30,16.0,16.0,24.0
1979-01-31,,14.0,18.0
1979-02-01,,8.0,20.0
1979-02-02,21.0,6.0,12.0
1979-02-03,21.0,4.0,15.0
1979-02-04,21.0,7.0,23.0
1979-02-05,21.0,-3.0,24.0
1979-02-06,21.0,-5.0,5.0
1979-02-07,20.0,-7.0,20.0
1979-02-08,25.0,6.0,20.0
1979-02-09,25.0,-3.0,14.0
1979-02-10,25.0,-8.0,5.0
1979-02-11,25.0,-11.0,5.0
1979-02-12,25.0,-9.0,10.0
1979-02-13,30.0,-5.0,15.0
1979-02-14,25.0,-7.0,8.0
1979-02-15,25.0,-6.0,30.0
1979-02-16,25.0,16.0,35.0
1979-02-17,25.0,-12.0,20.0
1979-02-18,25.0,-14.0,10.0
1979-02-19,39.0,-7.0,14.0
1979-02-20,39.0,4.0,19.0
1979-02-21,33.0,14.0,40.0
1979-02-22,25.0,16.0,44.0
1979-02-23,23.0,28.0,42.0
1979-02-24,,32.0,45.0
1979-02-25,20.0,30.0,45.0
1979-02-26,17.0,24.0,33.0
1979-02-27,21.0,19.0,31.0
1979-02-28,23.0,18.0,28.0
1979-03-01,20.0,21.0,41.0
1979-03-02,18.0,31.0,42.0
1979-03-03,17.0,30.0,41.0
1979-03-04,15.0,30.0,44.0
1979-03-05,12.0,,49.0
1979-03-06,10.0,30.0,42.0
1979-03-07,9.0,27.0,36.0
1979-03-08,8.0,30.0,45.0
1979-03-09,7.0,31.0,48.0
1979-03-10,5.0,30.0,50.0
1979-03-11,4.0,11.0,40.0
1979-03-12,5.0,11.0,16.0
1979-03-13,3.0,13.0,32.0
1979-03-14,1.0,32.0,59.0
1979-03-15,4.0,3.0,37.0
1979-03-16,4.0,3.0,15.0
1979-03-17,3.0,12.0,35.0
1979-03-18,,30.0,51.0
1979-03-19,,34.0,52.0
1979-03-20,,28.0,54.0
1979-03-21,,32.0,58.0
1979-03-22,,34.0,61.0
1979-03-23,,43.0,63.0
1979-03-24,,41.0,61.0
1979-03-25,,28.0,49.0
1979-03-26,1.0,20.0,40.0
1979-03-27,1.0,,24.0
1979-03-28,1.0,16.0,30.0
1979-03-29,0.0,23.0,58.0
1979-03-30,0.0,53.0,67.0
1979-03-31,0.0,55.0,70.0
1979-12-01,4.0,16.0,21.0
1979-12-02,3.0,18.0,30.0
1979-12-03,5.0,10.0,24.0
1979-12-04,2.0,12.0,29.0
1979-12-05,2.0,24.0,33.0
1979-12-06,1.0,33.0,50.0
1979-12-07,1.0,25.0,49.0
1979-12-08,,26.0,42.0
1979-12-09,,17.0,28.0
1979-12-10,,19.0,34.0
1979-12-11,0.0,28.0,49.0
1979-12-12,0.0,47.0,58.0
1979-12-13,0.0,32.0,54.0
1979-12-14,0.0,20.0,39.0
1979-12-15,0.0,16.0,27.0
1979-12-16,0.0,19.0,35.0
1979-12-17,2.0,9.0,48.0
1979-12-18,4.0,4.0,13.0
1979-12-19,3.0,4.0,22.0
1979-12-20,2.0,20.0,31.0
1979-12-21,2.0,20.0,25.0
1979-12-22,2.0,22.0,29.0
1979-12-23,,26.0,44.0
1979-12-24,0.0,40.0,51.0
1979-12-25,0.0,34.0,48.0
1979-12-26,2.0,25.0,35.0
1979-12-27,2.0,23.0,27.0
1979-12-28,2.0,21.0,27.0
1979-12-29,2.0,21.0,25.0
1979-12-30,1.0,21.0,27.0
1979-12-31,1.0,15.0,34.0
1980-01-01,1.0,15.0,39.0
1980-01-02,1.0,19.0,37.0
1980-01-03,1.0,19.0,22.0
1980-01-04,1.0,18.0,26.0
1980-01-05,5.0,16.0,22.0
1980-01-06,6.0,10.0,24.0
1980-01-07,5.0,13.0,31.0
1980-01-08,4.0,11.0,36.0
1980-01-09,4.0,12.0,24.0
1980-01-10,7.0,6.0,24.0
1980-01-11,6.0,9.0,36.0
1980-01-12,3.0,14.0,48.0
1980-01-13,3.0,15.0,18.0
1980-01-14,2.0,17.0,32.0
1980-01-15,2.0,29.0,37.0
1980-01-16,2.0,27.0,33.0
1980-01-17,2.0,28.0,44.0
1980-01-18,1.0,31.0,43.0
1980-01-19,,24.0,42.0
1980-01-20,,22.0,26.0
1980-01-21,,18.0,27.0
1980-01-22,,18.0,30.0
1980-01-23,,20.0,34.0
1980-01-24,4.0,-1.0,21.0
1980-01-25,8.0,0.0,23.0
1980-01-26,8.0,12.0,30.0
1980-01-27,8.0,8.0,20.0
1980-01-28,8.0,13.0,27.0
1980-01-29,9.0,10.0,20.0
1980-01-30,9.0,1.0,16.0
1980-01-31,10.0,3.0,15.0
1980-02-01,12.0,-1.0,12.0
1980-02-02,14.0,-1.0,10.0
1980-02-03,14.0,2.0,12.0
1980-02-04,14.0,1.0,13.0
1980-02-05,15.0,4.0,15.0
1980-02-06,15.0,8.0,20.0
1980-02-07,15.0,10.0,20.0
1980-02-08,15.0,10.0,21.0
1980-02-09,14.0,10.0,20.0
1980-02-10,13.0,8.0,27.0
1980-02-11,12.0,7.0,20.0
1980-02-12,13.0,6.0,25.0
1980-02-13,14.0,6.0,17.0
1980-02-14,13.0,9.0,26.0
1980-02-15,11.0,22.0,33.0
1980-02-16,14.0,22.0,37.0
1980-02-17,16.0,3.0,23.0
1980-02-18,16.0,3.0,10.0
1980-02-19,14.0,5.0,26.0
1980-02-20,12.0,24.0,44.0
1980-02-21,8.0,29.0,52.0
1980-02-22,6.0,33.0,36.0
1980-02-23,4.0,32.0,54.0
1980-02-24,3.0,30.0,35.0
1980-02-25,3.0,21.0,34.0
1980-02-26,4.0,10.0,30.0
1980-02-27,4.0,8.0,16.0
1980-02-28,8.0,10.0,21.0
1980-02-29,10.0,0.0,22.0
2003-01-01,0.0,28.0,
2003-01-02,0.0,31.0,
2003-01-03,2.0,30.0,35.0
2003-01-04,2.0,21.0,34.0
2003-01-05,2.0,21.0,25.0
2003-01-06,4.0,21.0,
2003-01-08,3.0,12.0,34.0
2003-01-09,3.0,34.0,40.0
2003-01-10,2.0,27.0,44.0
2003-01-11,4.0,10.0,28.0
2003-01-12,4.0,10.0,20.0
2003-01-13,3.0,10.0,22.0
2003-01-14,,10.0,27.0
2003-01-15,,2.0,14.0
2003-01-16,7.0,0.0,18.0
2003-01-17,7.0,-1.0,19.0
2003-01-18,7.0,-1.0,22.0
2003-01-19,7.0,-1.0,23.0
2003-01-20,7.0,10.0,23.0
2003-01-21,7.0,12.0,23.0
2003-01-22,7.0,0.0,19.0
2003-01-23,7.0,-5.0,10.0
2003-01-24,8.0,-4.0,17.0
2003-01-25,8.0,10.0,22.0
2003-01-26,,,26.0
2003-01-27,,-1.0,
2003-01-28,8.0,-1.0,29.0
2003-01-29,9.0,17.0,30.0
2003-01-30,9.0,20.0,35.0
2003-01-31,8.0,20.0,36.0
2003-02-01,6.0,23.0,28.0
2003-02-02,6.0,23.0,37.0
2003-02-03,5.0,27.0,42.0
2003-02-04,5.0,30.0,50.0
2003-02-05,,16.0,
2003-02-06,,12.0,26.0
2003-02-07,4.0,12.0,27.0
2003-02-08,0.0,7.0,30.0
2003-02-09,0.0,7.0,20.0
2003-02-10,0.0,16.0,22.0
2003-02-11,,20.0,24.0
2003-02-12,,10.0,23.0
2003-02-13,7.0,9.0,26.0
2003-02-14,7.0,8.0,21.0
2003-02-15,7.0,8.0,30.0
2003-02-16,9.0,9.0,26.0
2003-02-17,22.0,9.0,18.0
2003-02-18,22.0,18.0,26.0
2003-02-19,19.0,14.0,26.0
2003-02-20,14.0,26.0,40.0
2003-02-21,9.0,26.0,41.0
2003-02-22,5.0,29.0,45.0
2003-02-23,4.0,29.0,48.0
2003-02-24,5.0,18.0,38.0
2003-02-25,,6.0,19.0
2003-02-26,,,30.0
2003-02-27,4.0,15.0,36.0
2003-02-28,,22.0,40.0
2003-03-01,,28.0,42.0
2003-03-02,,28.0,40.0
2003-03-03,5.0,0.0,
2003-03-04,5.0,0.0,50.0
2003-03-05,0.0,22.0,46.0
2003-03-06,0.0,36.0,
2003-03-07,1.0,,
2003-03-08,1.0,,58.0
2003-03-09,,13.0,29.0
2003-03-10,0.0,10.0,25.0
2003-03-11,0.0,13.0,43.0
2003-03-12,0.0,15.0,53.0
2003-03-13,0.0,42.0,45.0
2003-03-14,0.0,24.0,50.0
2003-03-15,0.0,24.0,66.0
2003-03-16,0.0,34.0,71.0
2003-03-17,0.0,45.0,69.0
2003-03-18,0.0,45.0,66.0
2003-03-19,0.0,44.0,50.0
2003-03-20,0.0,37.0,44.0
2003-03-21,0.0,36.0,68.0
2003-03-22,0.0,38.0,51.0
2003-03-23,0.0,32.0,51.0
2003-03-24,0.0,37.0,63.0
2003-03-25,0.0,37.0,73.0
2003-03-26,0.0,43.0,
2003-03-27,0.0,35.0,67.0
2003-03-28,0.0,37.0,54.0
2003-03-29,0.0,45.0,49.0
2003-03-30,5.0,22.0,
2003-03-31,5.0,19.0,37.0
2003-12-01,,,44.0
2003-12-02,,25.0,31.0
2003-12-03,0.0,25.0,37.0
2003-12-04,1.0,26.0,31.0
2003-12-05,10.0,22.0,29.0
2003-12-06,7.0,19.0,32.0
2003-12-07,6.0,19.0,45.0
2003-12-08,3.0,30.0,45.0
2003-12-09,0.0,35.0,36.0
2003-12-10,,24.0,
2003-12-11,1.0,13.0,30.0
2003-12-12,1.0,13.0,32.0
2003-12-13,0.0,24.0,46.0
2003-12-14,1.0,31.0,
2003-12-15,6.0,25.0,
2003-12-16,5.0,23.0,28.0
2003-12-17,4.0,23.0,44.0
2003-12-18,4.0,29.0,43.0
2003-12-19,2.0,28.0,36.0
2003-12-20,2.0,29.0,38.0
2003-12-21,1.0,29.0,46.0
2003-12-22,0.0,30.0,46.0
2003-12-23,0.0,36.0,58.0
2003-12-24,0.0,35.0,50.0
2003-12-25,,35.0,46.0
2003-12-26,1.0,24.0,42.0
2003-12-27,0.0,26.0,40.0
2003-12-28,0.0,31.0,52.0
2003-12-29,0.0,34.0,63.0
2003-12-30,0.0,33.0,62.0
2003-12-31,0.0,33.0,60.0
2004-01-01,0.0,32.0,54.0
2004-01-02,0.0,32.0,60.0
2004-01-03,0.0,40.0,66.0
2004-01-04,0.0,39.0,50.0
2004-01-05,0.0,39.0,53.0
2004-01-06,,12.0,
2004-01-07,0.0,9.0,20.0
2004-01-08,0.0,10.0,18.0
2004-01-09,0.0,6.0,20.0
2004-01-10,1.0,-1.0,25.0
2004-01-11,1.0,-1.0,35.0
2004-01-12,1.0,20.0,26.0
2004-01-13,1.0,11.0,29.0
2004-01-14,1.0,12.0,
2004-01-15,3.0,20.0,
2004-01-16,6.0,-2.0,
2004-01-17,4.0,-2.0,37.0
2004-01-18,5.0,20.0,36.0
2004-01-19,6.0,12.0,
2004-01-20,7.0,8.0,16.0
2004-01-21,7.0,1.0,28.0
2004-01-22,5.0,10.0,29.0
2004-01-23,5.0,0.0,
2004-01-24,8.0,1.0,17.0
2004-01-25,7.0,-3.0,16.0
2004-01-26,14.0,-4.0,24.0
2004-01-27,10.0,16.0,29.0
2004-01-28,14.0,13.0,
2004-01-29,16.0,8.0,16.0
2004-01-30,14.0,8.0,14.0
2004-01-31,11.0,12.0,20.0
2004-02-01,8.0,,37.0
2004-02-02,7.0,,33.0
2004-02-03,6.0,20.0,31.0
2004-02-04,6.0,24.0,30.0
2004-02-05,6.0,25.0,38.0
2004-02-06,5.0,25.0,49.0
2004-02-07,7.0,12.0,
2004-02-08,7.0,6.0,32.0
2004-02-09,7.0,6.0,36.0
2004-02-10,7.0,14.0,37.0
2004-02-11,7.0,17.0,42.0
2004-02-12,7.0,23.0,33.0
2004-02-13,7.0,23.0,34.0
2004-02-14,7.0,24.0,36.0
2004-02-15,7.0,15.0,32.0
2004-02-16,7.0,6.0,38.0
2004-02-17,7.0,6.0,34.0
2004-02-18,7.0,12.0,37.0
2004-02-19,0.0,12.0,47.0
2004-02-20,,33.0,54.0
2004-02-21,,30.0,36.0
2004-02-22,6.0,29.0,42.0
2004-02-23,6.0,31.0,32.0
2004-02-24,6.0,14.0,37.0
2004-02-25,5.0,14.0,36.0
2004-02-26,3.0,16.0,44.0
2004-02-27,3.0,20.0,48.0
2004-02-28,3.0,26.0,49.0
2004-02-29,3.0,26.0,57.0
2004-03-01,2.0,32.0,56.0
2004-03-02,2.0,32.0,61.0
2004-03-03,0.0,,60.0
2004-03-04,0.0,38.0,66.0
2004-03-05,0.0,43.0,45.0
2004-03-06,0.0,43.0,53.0
2004-03-07,0.0,43.0,53.0
2004-03-08,2.0,29.0,
2004-03-09,3.0,24.0,35.0
2004-03-10,1.0,26.0,46.0
2004-03-11,,19.0,26.0
2004-03-12,,19.0,35.0
2004-03-13,0.0,26.0,52.0
2004-03-14,0.0,32.0,47.0
2004-03-15,0.0,32.0,33.0
2004-03-16,1.0,25.0,
2004-03-17,,25.0,29.0
2004-03-18,,30.0,42.0
2004-03-19,2.0,30.0,41.0
2004-03-20,2.0,32.0,58.0
2004-03-21,0.0,30.0,
2004-03-22,,12.0,30.0
2004-03-23,0.0,12.0,42.0
2004-03-24,0.0,,54.0
2004-03-25,0.0,,65.0
2004-03-26,0.0,49.0,76.0
2004-03-27,0.0,52.0,61.0
2004-03-28,0.0,41.0,59.0
2004-03-29,0.0,39.0,
2004-03-30,0.0,34.0,44.0
2004-03-31,0.0,,42.0
2004-12-01,0.0,35.0,47.0
2004-12-02,0.0,29.0,
2004-12-03,0.0,30.0,36.0
2004-12-04,,22.0,43.0
2004-12-05,0.0,23.0,46.0
2004-12-06,0.0,32.0,51.0
2004-12-07,0.0,39.0,62.0
2004-12-08,0.0,43.0,46.0
2004-12-09,0.0,34.0,50.0
2004-12-10,0.0,38.0,46.0
2004-12-11,0.0,35.0,45.0
2004-12-12,1.0,29.0,38.0
2004-12-13,,27.0,31.0
2004-12-14,2.0,23.0,
2004-12-15,3.0,17.0,26.0
2004-12-16,2.0,15.0,41.0
2004-12-17,1.0,25.0,31.0
2004-12-18,1.0,31.0,42.0
2004-12-19,1.0,30.0,30.0
2004-12-20,4.0,0.0,36.0
2004-12-21,4.0,0.0,46.0
2004-12-22,0.0,36.0,57.0
2004-12-23,0.0,47.0,54.0
2004-12-24,,16.0,
2004-12-25,,6.0,22.0
2004-12-26,0.0,6.0,27.0
2004-12-27,2.0,12.0,19.0
2004-12-28,1.0,8.0,42.0
2004-12-29,0.0,11.0,42.0
2004-12-30,0.0,37.0,50.0
2004-12-31,0.0,41.0,58.0
2005-01-01,0.0,41.0,56.0
2005-01-02,0.0,42.0,54.0
2005-01-03,0.0,44.0,55.0
2005-01-04,0.0,49.0,52.0
2005-01-05,0.0,40.0,48.0
2005-01-06,0.0,36.0,52.0
2005-01-07,0.0,26.0,46.0
2005-01-08,0.0,26.0,49.0
2005-01-09,0.0,23.0,48.0
2005-01-10,0.0,23.0,48.0
2005-01-11,0.0,29.0,50.0
2005-01-12,0.0,36.0,62.0
2005-01-13,0.0,36.0,73.0
2005-01-14,0.0,36.0,73.0
2005-01-15,0.0,18.0,
2005-01-16,0.0,18.0,24.0
2005-01-17,6.0,7.0,29.0
2005-01-18,6.0,-5.0,22.0
2005-01-19,4.0,-3.0,20.0
2005-01-20,4.0,12.0,20.0
2005-01-21,4.0,,16.0
2005-01-22,4.0,5.0,26.0
2005-01-23,10.0,-5.0,12.0
2005-01-24,8.0,-5.0,20.0
2005-01-25,7.0,4.0,43.0
2005-01-26,6.0,20.0,40.0
2005-01-27,4.0,6.0,
2005-01-28,4.0,-2.0,28.0
2005-01-29,3.0,-2.0,30.0
2005-01-30,4.0,19.0,36.0
2005-01-31,,15.0,37.0
2005-02-01,,15.0,39.0
2005-02-02,3.0,18.0,42.0
2005-02-03,2.0,21.0,36.0
2005-02-04,2.0,27.0,38.0
2005-02-05,2.0,23.0,49.0
2005-02-06,0.0,27.0,48.0
2005-02-07,0.0,38.0,60.0
2005-02-08,0.0,40.0,46.0
2005-02-09,0.0,41.0,49.0
2005-02-10,1.0,23.0,
2005-02-11,,12.0,
2005-02-12,,12.0,33.0
2005-02-13,1.0,26.0,40.0
2005-02-14,1.0,26.0,47.0
2005-02-15,0.0,34.0,61.0
2005-02-16,0.0,16.0,
2005-02-17,0.0,16.0,
2005-02-18,3.0,11.0,24.0
2005-02-19,2.0,6.0,46.0
2005-02-20,0.0,6.0,46.0
2005-02-21,0.0,,50.0
2005-02-22,0.0,29.0,
2005-02-23,,27.0,31.0
2005-02-24,1.0,22.0,31.0
2005-02-25,5.0,19.0,30.0
2005-02-26,5.0,19.0,39.0
2005-02-27,5.0,9.0,39.0
2005-02-28,4.0,9.0,32.0
2005-03-01,6.0,25.0,29.0
2005-03-02,7.0,17.0,
2005-03-03,7.0,12.0,36.0
2005-03-04,4.0,12.0,
2005-03-05,4.0,22.0,
2005-03-06,3.0,23.0,48.0
2005-03-07,1.0,23.0,61.0
2005-03-08,2.0,15.0,
2005-03-09,2.0,12.0,24.0
2005-03-10,3.0,12.0,31.0
2005-03-11,2.0,12.0,35.0
2005-03-12,5.0,20.0,34.0
2005-03-13,4.0,10.0,33.0
2005-03-14,3.0,10.0,38.0
2005-03-15,2.0,16.0,40.0
2005-03-16,2.0,16.0,39.0
2005-03-17,1.0,23.0,47.0
2005-03-18,0.0,26.0,51.0
2005-03-19,0.0,29.0,55.0
2005-03-20,0.0,29.0,51.0
2005-03-21,,29.0,44.0
2005-03-22,0.0,31.0,36.0
2005-03-23,0.0,24.0,52.0
2005-03-24,0.0,,40.0
2005-03-25,,33.0,
2005-03-26,,33.0,38.0
2005-03-27,,33.0,42.0
2005-03-28,0.0,35.0,46.0
2005-03-29,0.0,39.0,49.0
2005-03-30,0.0,39.0,54.0
2005-03-31,0.0,37.0,68.0
2005-12-01,0.0,,32.0
2005-12-02,1.0,26.0,34.0
2005-12-03,1.0,14.0,33.0
2005-12-04,1.0,14.0,28.0
2005-12-05,,23.0,28.0
2005-12-06,,20.0,26.0
2005-12-07,1.0,18.0,26.0
2005-12-08,1.0,6.0,33.0
2005-12-09,,8.0,39.0
2005-12-10,4.0,,
2005-12-11,4.0,,32.0
2005-12-12,4.0,23.0,24.0
2005-12-13,6.0,7.0,22.0
2005-12-14,6.0,7.0,23.0
2005-12-15,4.0,14.0,32.0
2005-12-16,4.0,22.0,32.0
2005-12-17,4.0,22.0,
2005-12-18,4.0,19.0,35.0
2005-12-19,4.0,19.0,19.0
2005-12-20,4.0,8.0,24.0
2005-12-21,4.0,8.0,35.0
2005-12-22,4.0,18.0,49.0
2005-12-23,2.0,32.0,52.0
2005-12-24,2.0,38.0,46.0
2005-12-25,2.0,32.0,45.0
2005-12-26,5.0,,
2005-12-27,5.0,28.0,44.0
2005-12-28,4.0,28.0,57.0
2005-12-29,2.0,40.0,
2005-12-30,0.0,31.0,40.0
2005-12-31,,31.0,41.0
2006-03-01,1.0,14.0,40.0
2006-03-02,0.0,25.0,47.0
2006-03-03,0.0,16.0,35.0
2006-03-04,0.0,16.0,33.0
2006-03-05,,17.0,35.0
2006-03-06,0.0,17.0,42.0
2006-03-07,0.0,19.0,
2006-03-08,0.0,20.0,41.0
2006-03-09,0.0,,66.0
2006-03-10,0.0,52.0,60.0
2006-03-11,0.0,43.0,60.0
2006-03-12,0.0,43.0,62.0
2006-03-13,0.0,60.0,76.0
2006-03-14,0.0,35.0,
2006-03-15,,26.0,38.0
2006-03-16,0.0,26.0,44.0
2006-03-17,0.0,29.0,42.0
2006-03-18,0.0,19.0,
2006-03-19,0.0,20.0,
2006-03-20,0.0,,42.0
2006-03-21,0.0,19.0,34.0
2006-03-22,0.0,19.0,37.0
2006-03-23,,22.0,36.0
2006-03-24,,26.0,41.0
2006-03-25,,29.0,52.0
2006-03-26,0.0,29.0,56.0
2006-03-27,0.0,32.0,61.0
2006-03-28,0.0,28.0,64.0
2006-03-29,0.0,,66.0
2006-03-30,0.0,40.0,68.0
2006-03-31,0.0,40.0,75.0
2006-12-01,0.0,52.0,62.0
2006-12-02,0.0,27.0,
2006-12-03,0.0,18.0,
2006-12-04,1.0,17.0,33.0
2006-12-05,,23.0,52.0
2006-12-06,0.0,23.0,50.0
2006-12-07,3.0,23.0,32.0
2006-12-08,3.0,14.0,
2006-12-09,2.0,14.0,36.0
2006-12-10,0.0,14.0,42.0
2006-12-11,0.0,26.0,55.0
2006-12-12,0.0,40.0,53.0
2006-12-13,0.0,41.0,56.0
2006-12-14,0.0,43.0,59.0
2006-12-15,0.0,44.0,55.0
2006-12-16,0.0,30.0,
2006-12-17,0.0,36.0,60.0
2006-12-18,0.0,45.0,58.0
2006-12-19,0.0,26.0,
2006-12-20,0.0,26.0,48.0
2006-12-21,0.0,,42.0
2006-12-22,0.0,38.0,48.0
2006-12-23,0.0,32.0,
2006-12-24,0.0,32.0,50.0
2006-12-25,0.0,47.0,50.0
2006-12-26,0.0,46.0,46.0
2006-12-27,0.0,32.0,47.0
2006-12-28,0.0,32.0,
2006-12-29,0.0,40.0,46.0
2006-12-30,0.0,40.0,48.0
2006-12-31,0.0,36.0,50.0
2007-01-01,0.0,36.0,52.0
2007-01-02,,28.0,52.0
2007-01-03,0.0,28.0,60.0
2007-01-04,0.0,41.0,63.0
2007-01-05,0.0,42.0,
2007-01-06,0.0,42.0,52.0
2007-01-07,0.0,48.0,50.0
2007-01-08,0.0,28.0,
2007-01-09,,28.0,32.0
2007-01-10,1.0,19.0,50.0
2007-01-11,1.0,19.0,47.0
2007-01-12,0.0,26.0,52.0
2007-01-13,0.0,44.0,56.0
2007-01-14,0.0,50.0,55.0
2007-01-15,0.0,50.0,55.0
2007-01-16,0.0,31.0,
2007-01-17,2.0,8.0,
2007-01-18,1.0,10.0,36.0
2007-01-19,1.0,24.0,29.0
2007-01-20,3.0,16.0,
2007-01-21,2.0,10.0,32.0
2007-01-22,1.0,10.0,33.0
2007-01-23,2.0,22.0,29.0
2007-01-24,2.0,22.0,27.0
2007-01-25,3.0,21.0,
2007-01-26,3.0,3.0,38.0
2007-01-27,1.0,6.0,28.0
2007-01-28,6.0,9.0,26.0
2007-01-29,6.0,9.0,18.0
2007-01-30,6.0,9.0,27.0
2007-01-31,,8.0,
2007-02-01,5.0,8.0,30.0
2007-02-02,4.0,,34.0
2007-02-03,5.0,0.0,
2007-02-04,5.0,-1.0,18.0
2007-02-05,5.0,-6.0,6.0
2007-02-06,5.0,-7.0,9.0
2007-02-07,5.0,,14.0
2007-02-08,5.0,3.0,16.0
2007-02-09,5.0,3.0,19.0
2007-02-10,5.0,3.0,21.0
2007-02-11,5.0,3.0,25.0
2007-02-12,5.0,12.0,36.0
2007-02-13,4.0,17.0,26.0
2007-02-14,5.0,21.0,
2007-02-15,7.0,1.0,
2007-02-16,7.0,,15.0
2007-02-17,7.0,8.0,16.0
2007-02-18,9.0,6.0,
2007-02-19,6.0,20.0,38.0
2007-02-20,4.0,32.0,45.0
2007-02-21,4.0,32.0,44.0
2007-02-22,4.0,32.0,38.0
2007-02-23,3.0,3.0,34.0
2007-02-24,3.0,,36.0
2007-02-25,3.0,24.0,38.0
2007-02-26,3.0,32.0,
2007-02-27,3.0,29.0,35.0
2007-02-28,3.0,29.0,41.0
2007-03-01,4.0,28.0,47.0
2007-03-02,2.0,28.0,42.0
2007-03-03,1.0,24.0,
2007-03-04,1.0,24.0,33.0
2007-03-05,1.0,24.0,30.0
2007-03-06,1.0,8.0,
2007-03-07,2.0,8.0,26.0
2007-03-08,0.0,4.0,52.0
2007-03-09,0.0,10.0,
2007-03-10,0.0,,
2007-03-11,0.0,,
2007-03-12,0.0,26.0,60.0
2007-03-13,0.0,26.0,70.0
2007-03-14,0.0,55.0,65.0
2007-03-15,0.0,55.0,
2007-03-16,,29.0,
2007-03-17,5.0,18.0,33.0
2007-03-18,8.0,,33.0
2007-03-19,6.0,15.0,
2007-03-20,0.0,25.0,49.0
2007-03-21,0.0,32.0,60.0
2007-03-22,0.0,35.0,71.0
2007-03-23,0.0,55.0,
2007-03-24,0.0,49.0,
2007-03-25,0.0,52.0,56.0
2007-03-26,0.0,52.0,76.0
2007-03-27,0.0,61.0,74.0
2007-03-28,0.0,52.0,64.0
2007-03-29,0.0,33.0,60.0
2007-03-30,0.0,33.0,67.0
2007-03-31,0.0,43.0,67.0
2007-12-01,0.0,22.0,34.0
2007-12-02,0.0,22.0,52.0
2007-12-03,0.0,36.0,38.0
2007-12-04,1.0,23.0,
2007-12-05,1.0,23.0,28.0
2007-12-06,3.0,12.0,26.0
2007-12-07,1.0,12.0,36.0
2007-12-08,1.0,19.0,37.0
2007-12-09,0.0,34.0,48.0
2007-12-10,0.0,36.0,47.0
2007-12-11,0.0,34.0,64.0
2007-12-12,0.0,39.0,45.0
2007-12-13,0.0,31.0,
2007-12-14,0.0,31.0,35.0
2007-12-15,0.0,26.0,34.0
2007-12-16,0.0,27.0,42.0
2007-12-17,,23.0,
2007-12-18,,23.0,36.0
2007-12-19,0.0,25.0,46.0
2007-12-20,0.0,36.0,39.0
2007-12-21,0.0,32.0,39.0
2007-12-22,0.0,32.0,46.0
2007-12-23,0.0,32.0,46.0
2007-12-24,0.0,23.0,44.0
2007-12-25,0.0,23.0,43.0
2007-12-26,0.0,30.0,44.0
2007-12-27,0.0,34.0,45.0
2007-12-28,0.0,34.0,51.0
2007-12-29,0.0,,42.0
2007-12-30,0.0,23.0,44.0
2007-12-31,0.0,23.0,46.0
2008-01-01,,28.0,34.0
2008-01-02,2.0,12.0,
2008-01-03,,4.0,21.0
2008-01-04,,4.0,33.0
2008-01-05,5.0,19.0,46.0
2008-01-06,0.0,33.0,64.0
2008-01-07,0.0,46.0,69.0
2008-01-08,0.0,48.0,
2008-01-09,0.0,31.0,52.0
2008-01-10,0.0,31.0,47.0
2008-01-11,0.0,32.0,46.0
2008-01-12,0.0,27.0,44.0
2008-01-13,0.0,27.0,42.0
2008-01-14,,29.0,
2008-01-15,1.0,22.0,
2008-01-16,1.0,21.0,30.0
2008-01-17,1.0,21.0,36.0
2008-01-18,1.0,20.0,26.0
2008-01-19,1.0,4.0,
2008-01-20,1.0,3.0,25.0
2008-01-21,0.0,6.0,37.0
2008-01-22,1.0,15.0,
2008-01-23,1.0,15.0,26.0
2008-01-24,1.0,10.0,24.0
2008-01-25,1.0,6.0,28.0
2008-01-26,1.0,9.0,31.0
2008-01-27,1.0,22.0,43.0
2008-01-28,0.0,22.0,50.0
2008-01-29,0.0,,29.0
2008-01-30,0.0,19.0,36.0
2008-01-31,0.0,19.0,38.0
2008-02-01,,18.0,36.0
2008-02-02,2.0,22.0,37.0
2008-02-03,0.0,21.0,42.0
2008-02-04,0.0,21.0,52.0
2008-02-05,0.0,26.0,64.0
2008-02-06,0.0,54.0,67.0
2008-02-07,,31.0,67.0
2008-02-08,,28.0,34.0
2008-02-09,0.0,28.0,50.0
2008-02-10,1.0,19.0,
2008-02-11,1.0,0.0,
2008-02-12,2.0,0.0,39.0
2008-02-13,2.0,17.0,34.0
2008-02-14,2.0,15.0,38.0
2008-02-15,2.0,15.0,31.0
2008-02-16,2.0,20.0,26.0
2008-02-17,2.0,20.0,32.0
2008-02-18,0.0,24.0,56.0
2008-02-19,,19.0,
2008-02-20,,11.0,21.0
2008-02-21,0.0,2.0,32.0
2008-02-22,1.0,3.0,35.0
2008-02-23,2.0,21.0,32.0
2008-02-24,2.0,21.0,37.0
2008-02-25,2.0,27.0,31.0
2008-02-26,2.0,22.0,48.0
2008-02-27,3.0,21.0,27.0
2008-02-28,3.0,10.0,20.0
2008-02-29,2.0,7.0,31.0
2008-03-01,6.0,,26.0
2008-03-02,4.0,15.0,55.0
2008-03-03,2.0,15.0,65.0
2008-03-04,0.0,44.0,55.0
2008-03-05,0.0,34.0,47.0
2008-03-06,0.0,28.0,47.0
2008-03-07,0.0,29.0,47.0
2008-03-08,0.0,32.0,47.0
2008-03-09,1.0,15.0,
2008-03-10,1.0,15.0,41.0
2008-03-11,,29.0,44.0
2008-03-12,1.0,30.0,40.0
2008-03-13,0.0,26.0,52.0
2008-03-14,0.0,26.0,64.0
2008-03-15,0.0,26.0,50.0
2008-03-16,0.0,19.0,42.0
2008-03-17,0.0,19.0,48.0
2008-03-18,0.0,26.0,42.0
2008-03-19,0.0,,59.0
2008-03-20,,29.0,
2008-03-21,,27.0,44.0
2008-03-22,0.0,28.0,38.0
2008-03-23,,18.0,40.0
2008-03-24,0.0,19.0,40.0
2008-03-25,,22.0,44.0
2008-03-26,,22.0,53.0
2008-03-27,0.0,41.0,58.0
2008-03-28,0.0,44.0,50.0
2008-03-29,0.0,20.0,
2008-03-30,0.0,20.0,50.0
2008-03-31,0.0,21.0,62.0
2009-02-01,4.0,14.0,47.0
2009-02-02,3.0,33.0,
2009-02-03,2.0,19.0,
2009-02-04,2.0,14.0,
2009-02-05,4.0,2.0,19.0
2009-02-06,4.0,2.0,46.0
2009-02-07,3.0,19.0,55.0
2009-02-08,0.0,42.0,46.0
2009-02-09,0.0,25.0,49.0
2009-02-10,0.0,25.0,51.0
2009-02-11,0.0,30.0,54.0
2009-02-12,0.0,48.0,
2009-02-13,0.0,31.0,
2009-02-14,0.0,24.0,36.0
2009-02-15,,21.0,28.0
2009-02-16,,21.0,25.0
2009-02-17,0.0,10.0,38.0
2009-02-18,,11.0,49.0
2009-02-20,2.0,13.0,
2009-02-21,2.0,12.0,39.0
2009-02-22,3.0,11.0,22.0
2009-02-23,6.0,14.0,19.0
2009-02-24,6.0,7.0,26.0
2009-02-25,4.0,7.0,
2009-02-26,0.0,17.0,52.0
2009-02-27,0.0,44.0,61.0
2009-02-28,,20.0,
2009-03-01,0.0,21.0,36.0
2009-03-02,,10.0,
2009-03-03,,3.0,22.0
2009-03-04,,3.0,35.0
2009-03-05,0.0,9.0,48.0
2009-03-06,0.0,21.0,68.0
2009-03-07,0.0,46.0,72.0
2009-03-08,0.0,54.0,64.0
2009-03-09,0.0,37.0,
2009-03-10,0.0,29.0,64.0
2009-03-11,0.0,29.0,61.0
2009-03-12,0.0,36.0,46.0
2009-03-13,0.0,20.0,47.0
2009-03-14,0.0,20.0,51.0
2009-03-15,0.0,29.0,52.0
2009-03-16,0.0,32.0,52.0
2009-03-17,0.0,32.0,62.0
2009-03-18,0.0,40.0,69.0
2009-03-19,0.0,36.0,55.0
2009-03-20,,24.0,35.0
2009-03-21,,21.0,47.0
2009-03-22,0.0,21.0,55.0
2009-03-23,0.0,26.0,46.0
2009-03-24,0.0,21.0,48.0
2009-03-25,0.0,21.0,44.0
2009-03-26,0.0,29.0,52.0
2009-03-27,0.0,36.0,56.0
2009-03-28,0.0,36.0,51.0
2009-03-29,0.0,,51.0
2009-03-30,,30.0,42.0
2009-03-31,0.0,29.0,56.0
2009-12-01,,33.0,
2009-12-02,0.0,33.0,52.0
2009-12-03,0.0,39.0,49.0
2009-12-04,0.0,34.0,
2009-12-05,,28.0,
2009-12-06,,18.0,28.0
2009-12-07,1.0,18.0,35.0
2009-12-08,1.0,21.0,51.0
2009-12-09,4.0,21.0,21.0
2009-12-10,4.0,21.0,21.0
2009-12-11,4.0,10.0,24.0
2009-12-12,4.0,10.0,36.0
2009-12-13,4.0,16.0,46.0
2009-12-14,1.0,27.0,55.0
2009-12-15,0.0,35.0,44.0
2009-12-16,,20.0,
2009-12-17,0.0,17.0,28.0
2009-12-18,0.0,17.0,33.0
2009-12-19,1.0,20.0,30.0
2009-12-20,4.0,17.0,25.0
2009-12-21,4.0,17.0,28.0
2009-12-22,4.0,21.0,27.0
2009-12-23,4.0,12.0,27.0
2009-12-24,4.0,11.0,30.0
2009-12-25,4.0,20.0,40.0
2009-12-26,0.0,26.0,40.0
2009-12-27,0.0,29.0,41.0
2009-12-28,1.0,19.0,
2009-12-29,4.0,9.0,21.0
2009-12-30,4.0,7.0,28.0
2009-12-31,2.0,8.0,34.0
2010-01-01,,29.0,
2010-01-02,4.0,12.0,
2010-01-03,5.0,2.0,
2010-01-04,5.0,2.0,18.0
2010-01-05,6.0,11.0,20.0
2010-01-06,6.0,17.0,22.0
2010-01-07,7.0,20.0,26.0
2010-01-08,9.0,19.0,
2010-01-09,12.0,9.0,20.0
2010-01-10,13.0,8.0,22.0
2010-01-11,11.0,8.0,22.0
2010-01-12,,12.0,25.0
2010-01-13,,19.0,27.0
2010-01-14,12.0,22.0,39.0
2010-01-15,12.0,22.0,38.0
2010-01-16,11.0,31.0,46.0
2010-01-17,8.0,31.0,41.0
2010-01-18,2.0,31.0,39.0
2010-01-19,1.0,32.0,35.0
2010-01-20,1.0,24.0,31.0
2010-01-21,1.0,19.0,33.0
2010-01-22,1.0,18.0,34.0
2010-01-23,1.0,26.0,37.0
2010-01-24,1.0,26.0,52.0
2010-01-25,1.0,27.0,49.0
2010-01-26,2.0,26.0,
2010-01-27,0.0,17.0,29.0
2010-01-28,0.0,18.0,30.0
2010-01-29,0.0,3.0,
2010-01-30,0.0,2.0,17.0
2010-01-31,0.0,3.0,28.0
2010-02-01,0.0,3.0,28.0
2010-02-02,0.0,14.0,36.0
2010-02-03,0.0,22.0,32.0
2010-02-04,0.0,26.0,34.0
2010-02-05,0.0,19.0,31.0
2010-02-06,21.0,19.0,25.0
2010-02-07,19.0,2.0,18.0
2010-02-08,16.0,2.0,24.0
2010-02-09,16.0,8.0,28.0
2010-02-10,22.0,,23.0
2010-02-11,21.0,6.0,22.0
2010-02-12,20.0,11.0,26.0
2010-02-13,21.0,14.0,25.0
2010-02-14,22.0,14.0,24.0
2010-02-15,20.0,12.0,22.0
2010-02-16,23.0,11.0,22.0
2010-02-17,21.0,11.0,28.0
2010-02-18,22.0,21.0,28.0
2010-02-19,22.0,24.0,30.0
2010-02-20,22.0,24.0,37.0
2010-02-21,19.0,,40.0
2010-02-22,16.0,32.0,37.0
2010-02-23,14.0,29.0,37.0
2010-02-24,12.0,24.0,35.0
2010-02-25,11.0,26.0,
2010-02-26,18.0,17.0,
2010-02-27,26.0,19.0,29.0
2010-02-28,34.0,21.0,31.0
2010-03-01,30.0,,34.0
2010-03-02,29.0,27.0,33.0
2010-03-03,29.0,28.0,35.0
2010-03-04,26.0,22.0,36.0
2010-03-05,22.0,16.0,38.0
2010-03-06,20.0,16.0,38.0
2010-03-07,20.0,17.0,45.0
2010-03-08,16.0,22.0,47.0
2010-03-09,14.0,25.0,56.0
2010-03-10,13.0,38.0,64.0
2010-03-11,12.0,38.0,59.0
2010-03-12,4.0,,56.0
2010-03-13,2.0,39.0,53.0
2010-03-14,0.0,34.0,45.0
2010-03-15,0.0,36.0,39.0
2010-03-16,0.0,32.0,56.0
2010-03-17,0.0,34.0,59.0
2010-03-18,0.0,34.0,64.0
2010-03-19,0.0,36.0,62.0
2010-03-20,0.0,39.0,66.0
2010-03-21,0.0,39.0,72.0
2010-03-22,0.0,,
2010-03-23,0.0,38.0,
2010-03-24,0.0,36.0,56.0
2010-03-25,0.0,36.0,66.0
2010-03-26,0.0,33.0,41.0
2010-03-27,0.0,25.0,50.0
2010-03-28,0.0,25.0,50.0
2010-03-29,0.0,36.0,52.0
2010-03-30,0.0,38.0,52.0
2010-03-31,0.0,29.0,63.0
2010-12-01,0.0,27.0,39.0
2010-12-02,2.0,24.0,
2010-12-03,2.0,24.0,26.0
2010-12-04,2.0,22.0,28.0
2010-12-05,2.0,21.0,26.0
2010-12-06,3.0,21.0,27.0
2010-12-07,6.0,15.0,20.0
2010-12-08,7.0,15.0,21.0
2010-12-09,7.0,16.0,22.0
2010-12-10,6.0,15.0,34.0
2010-12-11,5.0,19.0,41.0
2010-12-12,4.0,,38.0
2010-12-13,4.0,18.0,
2010-12-14,6.0,10.0,
2010-12-15,6.0,10.0,17.0
2010-12-16,5.0,11.0,23.0
2010-12-17,5.0,12.0,26.0
2010-12-18,5.0,,26.0
2010-12-19,5.0,18.0,21.0
2010-12-20,5.0,19.0,21.0
2010-12-21,5.0,19.0,26.0
2010-12-22,5.0,19.0,31.0
2010-12-23,5.0,22.0,26.0
2010-12-24,5.0,22.0,25.0
2010-12-25,5.0,22.0,24.0
2010-12-26,5.0,,
2010-12-27,4.0,16.0,19.0
2010-12-28,3.0,13.0,27.0
2010-12-29,1.0,13.0,39.0
2010-12-30,0.0,,49.0
2010-12-31,0.0,29.0,56.0
2011-02-01,5.0,11.0,48.0
2011-02-02,5.0,26.0,46.0
2011-02-03,5.0,15.0,29.0
2011-02-04,5.0,13.0,35.0
2011-02-05,5.0,13.0,39.0
2011-02-06,4.0,26.0,36.0
2011-02-07,4.0,26.0,41.0
2011-02-08,6.0,21.0,
2011-02-09,4.0,3.0,21.0
2011-02-10,4.0,3.0,19.0
2011-02-11,4.0,5.0,31.0
2011-02-12,4.0,16.0,32.0
2011-02-13,2.0,22.0,47.0
2011-02-14,2.0,,
2011-02-15,2.0,17.0,
2011-02-16,2.0,17.0,53.0
2011-02-17,0.0,38.0,62.0
2011-02-18,0.0,48.0,64.0
2011-02-19,0.0,32.0,
2011-02-20,0.0,29.0,43.0
2011-02-21,0.0,29.0,38.0
2011-02-22,6.0,15.0,38.0
2011-02-23,4.0,15.0,46.0
2011-02-24,2.0,36.0,50.0
2011-02-25,1.0,22.0,50.0
2011-02-26,0.0,22.0,39.0
2011-02-27,0.0,22.0,60.0
2011-02-28,0.0,30.0,60.0
2011-12-01,,29.0,46.0
2011-12-02,0.0,29.0,46.0
2011-12-03,0.0,28.0,48.0
2011-12-04,0.0,28.0,61.0
2011-12-05,0.0,31.0,62.0
2011-12-06,0.0,45.0,58.0
2011-12-07,0.0,41.0,
2011-12-08,3.0,21.0,
2011-12-09,1.0,21.0,37.0
2011-12-10,1.0,25.0,31.0
2011-12-11,0.0,19.0,38.0
2011-12-12,0.0,19.0,41.0
2011-12-13,0.0,26.0,41.0
2011-12-14,0.0,28.0,58.0
2011-12-15,0.0,32.0,58.0
2011-12-16,0.0,29.0,52.0
2011-12-17,0.0,29.0,29.0
2011-12-18,1.0,29.0,36.0
2011-12-19,1.0,29.0,44.0
2011-12-20,0.0,32.0,50.0
2011-12-21,0.0,36.0,58.0
2011-12-22,0.0,38.0,49.0
2011-12-23,,32.0,
2011-12-24,0.0,26.0,31.0
2011-12-25,0.0,26.0,40.0
2011-12-26,0.0,,36.0
2011-12-27,0.0,31.0,41.0
2011-12-28,,29.0,
2011-12-29,,19.0,38.0
2011-12-30,,19.0,47.0
2011-12-31,0.0,28.0,39.0
2012-01-01,0.0,31.0,51.0
2012-01-02,,24.0,
2012-01-03,2.0,14.0,
2012-01-04,2.0,2.0,31.0
2012-01-05,1.0,3.0,40.0
2012-01-06,0.0,26.0,52.0
2012-01-07,0.0,31.0,49.0
2012-01-08,0.0,29.0,
2012-01-09,0.0,24.0,41.0
2012-01-10,0.0,24.0,44.0
2012-01-11,0.0,31.0,39.0
2012-01-12,0.0,36.0,44.0
2012-01-13,,16.0,
2012-01-14,3.0,14.0,21.0
2012-01-15,3.0,14.0,26.0
2012-01-16,3.0,10.0,47.0
2012-01-17,0.0,10.0,54.0
2012-01-18,0.0,26.0,
2012-01-19,,16.0,34.0
2012-01-20,2.0,5.0,24.0
2012-01-21,4.0,5.0,26.0
2012-01-22,3.0,16.0,32.0
2012-01-23,1.0,19.0,52.0
2012-01-24,0.0,31.0,41.0
2012-01-25,0.0,26.0,44.0
2012-01-26,0.0,26.0,54.0
2012-01-27,0.0,34.0,53.0
2012-01-28,,29.0,44.0
2012-01-29,,22.0,41.0
2012-01-30,,19.0,49.0
2012-01-31,0.0,19.0,56.0
2012-03-01,0.0,36.0,50.0
2012-03-02,0.0,29.0,54.0
2012-03-03,0.0,28.0,49.0
2012-03-04,0.0,26.0,36.0
2012-03-05,1.0,21.0,31.0
2012-03-06,1.0,15.0,45.0
2012-03-07,0.0,16.0,65.0
2012-03-08,0.0,44.0,63.0
2012-03-09,0.0,29.0,
2012-03-10,0.0,19.0,42.0
2012-03-11,0.0,19.0,67.0
2012-03-12,0.0,34.0,69.0
2012-03-13,0.0,41.0,69.0
2012-03-14,0.0,47.0,73.0
2012-03-15,0.0,47.0,75.0
2012-03-16,0.0,47.0,74.0
2012-03-17,0.0,50.0,76.0
2012-03-18,0.0,51.0,73.0
2012-03-19,0.0,53.0,66.0
2012-03-20,0.0,50.0,76.0
2012-03-21,0.0,50.0,64.0
2012-03-22,0.0,50.0,77.0
2012-03-23,0.0,52.0,80.0
2012-03-24,0.0,50.0,59.0
2012-03-25,0.0,49.0,56.0
2012-03-26,0.0,39.0,
2012-03-27,0.0,21.0,61.0
2012-03-28,0.0,21.0,71.0
2012-03-29,0.0,40.0,53.0
2012-03-30,0.0,30.0,62.0
2012-03-31,0.0,31.0,56.0
2012-12-03,,41.0,62.0
2012-12-05,,37.0,68.0
2012-12-06,,23.0,40.0
2012-12-07,,22.0,45.0
2012-12-08,,36.0,51.0
2012-12-11,,31.0,56.0
2012-12-12,0.0,25.0,33.0
2012-12-13,,20.0,36.0
2012-12-14,,21.0,42.0
2012-12-15,,30.0,47.0
2012-12-18,,40.0,56.0
2012-12-19,,32.0,43.0
2012-12-20,,32.0,40.0
2012-12-21,,29.0,38.0
2012-12-22,5.0,25.0,29.0
2012-12-29,5.0,19.0,30.0
2012-12-30,8.0,25.0,32.0
2013-01-01,7.0,21.0,31.0
2013-01-03,6.0,14.0,24.0
2013-01-04,5.0,15.0,31.0
2013-01-05,5.0,15.0,31.0
2013-01-09,3.0,26.0,43.0
2013-01-10,3.0,29.0,46.0
2013-01-11,3.0,29.0,44.0
2013-01-12,0.0,42.0,54.0
2013-01-15,,26.0,41.0
2013-01-16,,26.0,33.0
2013-01-17,0.0,28.0,34.0
2013-01-23,,0.0,11.0
2013-01-24,1.0,0.0,12.0
2013-01-25,,1.0,18.0
2013-01-26,3.0,9.0,18.0
2013-01-29,0.0,24.0,50.0
2013-01-30,,50.0,64.0
2013-01-31,,28.0,66.0
2013-02-01,2.0,12.0,28.0
2013-02-02,2.0,5.0,15.0
2013-02-05,6.0,16.0,28.0
2013-02-06,7.0,25.0,30.0
2013-02-07,6.0,15.0,30.0
2013-02-08,4.0,21.0,36.0
2013-02-09,3.0,18.0,38.0
2013-02-13,0.0,26.0,40.0
2013-02-14,5.0,25.0,40.0
2013-02-15,2.0,25.0,41.0
2013-02-16,3.0,20.0,39.0
2013-02-19,3.0,6.0,44.0
2013-02-20,2.0,16.0,44.0
2013-02-21,3.0,15.0,18.0
2013-02-22,2.0,14.0,24.0
2013-02-23,1.0,24.0,35.0
2013-02-25,,23.0,27.0
2013-02-26,0.0,24.0,40.0
2013-02-27,,31.0,35.0
2013-02-28,,29.0,39.0
2014-02-19,23.0,32.0,34.0
