StationCode,ObDate,Snowfall,Snowdepth,TempMax,TempMin
USC00369298,1/1/1970,1.2,9,27,10
USC00369298,1/2/1970,0.8,9,28,10
USC00369298,1/3/1970,1.4,10,28,20
USC00369298,1/4/1970,1,11,21,11
USC00369298,1/5/1970,0.2,11,33,15
USC00369298,1/6/1970,0,10,28,18
USC00369298,1/7/1970,0.3,10,22,10
USC00369298,1/8/1970,0.9,10,10,-4
USC00369298,1/9/1970,0.3,10,6,-6
USC00369298,1/10/1970,1.3,12,23,4
USC00369298,1/11/1970,0.3,11,24,10
USC00369298,1/12/1970,2.2,12,25,18
USC00369298,1/13/1970,1,12,24,16
USC00369298,1/14/1970,1,12,17,4
USC00369298,1/15/1970,0,12,26,-5
USC00369298,1/16/1970,0,12,42,6
USC00369298,1/17/1970,0,10,41,33
USC00369298,1/18/1970,0.6,10,35,8
USC00369298,1/19/1970,0.4,10,17,-3
USC00369298,1/20/1970,0.6,10,14,-1
USC00369298,1/21/1970,1.4,11,11,-2
USC00369298,1/22/1970,0,10,16,-8
USC00369298,1/23/1970,0,10,22,7
USC00369298,1/24/1970,1.5,11,17,-7
USC00369298,1/25/1970,0,11,43,16
USC00369298,1/26/1970,0,9,44,28
USC00369298,1/27/1970,0.3,9,34,27
USC00369298,1/28/1970,1.2,10,43,28
USC00369298,1/29/1970,0,7,51,33
USC00369298,1/30/1970,0.4,6,33,16
USC00369298,1/31/1970,0.2,6,38,17
USC00369298,2/1/1970,0,6,50,33
USC00369298,2/2/1970,0,4,46,35
USC00369298,2/3/1970,0.3,2,38,6
USC00369298,2/4/1970,2.4,4,14,-9
USC00369298,2/5/1970,2.5,5,36,9
USC00369298,2/6/1970,0,3,39,25
USC00369298,2/7/1970,0,2,44,12
USC00369298,2/8/1970,0,2,41,30
USC00369298,2/9/1970,0,1,38,32
USC00369298,2/10/1970,1.1,1,37,31
USC00369298,2/11/1970,6.9,7,31,20
USC00369298,2/12/1970,1,8,26,16
USC00369298,2/13/1970,2.7,9,19,0
USC00369298,2/14/1970,0,8,24,-10
USC00369298,2/15/1970,0,8,30,12
USC00369298,2/16/1970,2.5,9,27,9
USC00369298,2/17/1970,0,8,46,8
USC00369298,2/18/1970,0,7,54,27
USC00369298,2/19/1970,0.3,3,45,18
USC00369298,2/20/1970,0.5,4,23,12
USC00369298,2/21/1970,0,4,24,12
USC00369298,2/22/1970,0.3,4,52,24
USC00369298,2/23/1970,0,3,41,20
USC00369298,2/24/1970,0,3,47,16
USC00369298,2/25/1970,0,2,42,8
USC00369298,2/26/1970,0,2,24,-3
USC00369298,2/27/1970,0.5,2,26,20
USC00369298,2/28/1970,1.8,3,30,13
USC00369298,3/1/1970,0,2,44,8
USC00369298,3/2/1970,0,1,41,32
USC00369298,3/13/1970,1.7,2,37,24
USC00369298,3/15/1970,1.3,1,30,15
USC00369298,3/18/1970,0.7,1,39,29
USC00369298,3/23/1970,0.7,1,34,32
USC00369298,3/24/1970,0.8,2,37,32
USC00369298,4/3/1970,4.1,4,43,26
USC00369298,4/5/1970,1,1,47,18
USC00369298,11/24/1970,5,5,26,14
USC00369298,11/25/1970,4.6,7,25,15
USC00369298,11/26/1970,0,4,41,20
USC00369298,12/6/1970,1.8,2,36,18
USC00369298,12/7/1970,2.2,4,24,9
USC00369298,12/8/1970,0.6,3,38,7
USC00369298,12/9/1970,0,1,44,36
USC00369298,12/14/1970,2.5,3,36,29
USC00369298,12/15/1970,3.2,6,34,25
USC00369298,12/16/1970,0,4,33,20
USC00369298,12/17/1970,1.3,3,36,33
USC00369298,12/18/1970,0,2,34,32
USC00369298,12/19/1970,0,2,47,31
USC00369298,12/25/1970,1.2,2,30,20
USC00369298,12/26/1970,2.3,4,28,16
USC00369298,12/27/1970,2,4,28,13
USC00369298,12/28/1970,4.4,8,25,9
USC00369298,12/29/1970,2.5,9,28,19
USC00369298,12/30/1970,0.3,5,24,13
USC00369298,12/31/1970,0.2,5,33,5
USC00369298,1/1/1971,0,4,31,20
USC00369298,1/2/1971,0,4,34,20
USC00369298,1/3/1971,0,3,41,28
USC00369298,1/4/1971,0.5,4,44,30
USC00369298,1/16/1971,0.8,1,21,10
USC00369298,1/17/1971,2.6,3,22,11
USC00369298,1/18/1971,0.2,2,19,2
USC00369298,1/19/1971,0.2,2,14,-10
USC00369298,1/20/1971,1.6,3,22,11
USC00369298,1/21/1971,0.2,3,32,13
USC00369298,1/22/1971,0.6,3,39,27
USC00369298,1/23/1971,0.5,3,35,25
USC00369298,1/24/1971,0,3,41,13
USC00369298,1/25/1971,0,2,40,32
USC00369298,1/26/1971,0,1,40,13
USC00369298,1/27/1971,3,3,13,2
USC00369298,1/28/1971,3,5,15,3
USC00369298,1/29/1971,0.4,5,18,5
USC00369298,1/30/1971,5,8,36,13
USC00369298,1/31/1971,1,8,13,-6
USC00369298,2/1/1971,0.1,7,5,-6
USC00369298,2/2/1971,0.4,7,8,-6
USC00369298,2/3/1971,0,6,26,-7
USC00369298,2/4/1971,0.2,6,26,16
USC00369298,2/5/1971,0.2,6,46,24
USC00369298,2/6/1971,0,6,38,26
USC00369298,2/7/1971,0,5,30,13
USC00369298,2/8/1971,2,6,34,29
USC00369298,2/9/1971,6.5,11,30,12
USC00369298,2/10/1971,0,11,18,2
USC00369298,2/11/1971,0,10,40,10
USC00369298,2/12/1971,0,8,42,36
USC00369298,2/13/1971,0.9,8,41,15
USC00369298,2/14/1971,8.8,17,24,7
USC00369298,2/15/1971,0.4,16,29,15
USC00369298,2/16/1971,0.5,15,32,12
USC00369298,2/17/1971,0,15,37,18
USC00369298,2/18/1971,0.8,15,51,26
USC00369298,2/19/1971,1.3,12,48,32
USC00369298,2/20/1971,0,8,48,36
USC00369298,2/21/1971,0,7,36,32
USC00369298,2/22/1971,0,6,39,30
USC00369298,2/23/1971,0,5,40,31
USC00369298,2/24/1971,0.4,4,33,30
USC00369298,2/25/1971,0,4,46,30
USC00369298,2/26/1971,0,3,59,28
USC00369298,3/4/1971,9.2,9,23,13
USC00369298,3/5/1971,0.5,7,42,13
USC00369298,3/6/1971,0,5,42,25
USC00369298,3/7/1971,0,3,42,26
USC00369298,3/8/1971,1.5,4,26,16
USC00369298,3/9/1971,2,5,32,17
USC00369298,3/10/1971,0,3,41,9
USC00369298,3/11/1971,1,3,38,29
USC00369298,3/12/1971,0,3,43,24
USC00369298,3/13/1971,0,2,47,35
USC00369298,3/17/1971,0.5,1,31,22
USC00369298,3/20/1971,3.6,4,35,28
USC00369298,3/21/1971,2.5,5,39,26
USC00369298,3/22/1971,0.5,4,39,27
USC00369298,3/23/1971,0,1,34,17
USC00369298,3/30/1971,0.8,1,36,27
USC00369298,11/8/1971,4,4,35,23
USC00369298,11/9/1971,0,2,36,16
USC00369298,11/10/1971,0.8,1,36,30
USC00369298,11/21/1971,0.9,1,38,31
USC00369298,11/22/1971,2.4,3,31,23
USC00369298,11/23/1971,1.5,3,30,9
USC00369298,11/24/1971,0,1,34,23
USC00369298,11/25/1971,3,4,34,26
USC00369298,11/26/1971,0,3,35,27
USC00369298,11/27/1971,0,2,36,33
USC00369298,12/18/1971,3.5,4,28,18
USC00369298,12/19/1971,0.5,3,35,20
USC00369298,12/20/1971,0,2,39,32
USC00369298,12/31/1971,1,1,44,18
USC00369298,1/2/1972,0.5,1,37,31
USC00369298,1/3/1972,0.7,2,38,22
USC00369298,1/5/1972,2,3,34,13
USC00369298,1/6/1972,0.4,3,27,5
USC00369298,1/7/1972,0.2,3,32,18
USC00369298,1/8/1972,1.8,5,35,23
USC00369298,1/9/1972,0.5,3,40,26
USC00369298,1/10/1972,0,1,48,30
USC00369298,1/12/1972,0.6,1,38,26
USC00369298,1/16/1972,1,1,13,-4
USC00369298,1/17/1972,0,1,34,2
USC00369298,1/18/1972,0,1,46,27
USC00369298,1/28/1972,1.7,2,23,17
USC00369298,1/29/1972,0.3,2,26,6
USC00369298,1/30/1972,0,2,21,9
USC00369298,1/31/1972,0.2,2,22,9
USC00369298,2/1/1972,0,1,30,16
USC00369298,2/2/1972,0,1,37,24
USC00369298,2/3/1972,0.3,1,34,29
USC00369298,2/4/1972,6.4,7,33,13
USC00369298,2/5/1972,3.8,9,15,3
USC00369298,2/6/1972,1.4,8,32,6
USC00369298,2/7/1972,3,9,25,-1
USC00369298,2/8/1972,0.2,8,17,-9
USC00369298,2/9/1972,0,8,19,-6
USC00369298,2/10/1972,0,8,25,-3
USC00369298,2/11/1972,0,7,34,-3
USC00369298,2/12/1972,0,7,48,14
USC00369298,2/13/1972,0.6,7,38,28
USC00369298,2/14/1972,4.1,9,33,29
USC00369298,2/15/1972,0,8,41,26
USC00369298,2/16/1972,0.7,8,31,16
USC00369298,2/17/1972,0,7,33,4
USC00369298,2/18/1972,0,7,34,23
USC00369298,2/19/1972,4.2,12,32,21
USC00369298,2/20/1972,3.8,12,21,2
USC00369298,2/21/1972,0.1,12,41,0
USC00369298,2/22/1972,0.5,10,39,12
USC00369298,2/23/1972,0,10,24,-2
USC00369298,2/24/1972,1.8,10,40,20
USC00369298,2/25/1972,0.3,10,39,24
USC00369298,2/26/1972,1,10,35,25
USC00369298,2/27/1972,0,10,39,6
USC00369298,2/28/1972,0.8,11,39,31
USC00369298,2/29/1972,0,10,52,34
USC00369298,3/1/1972,0,9,64,35
USC00369298,3/2/1972,0,5,60,22
USC00369298,3/3/1972,5.5,7,22,10
USC00369298,3/4/1972,0,6,31,-3
USC00369298,3/5/1972,2.4,7,33,17
USC00369298,3/6/1972,1.7,9,28,7
USC00369298,3/7/1972,0.8,8,55,19
USC00369298,3/8/1972,0,2,47,15
USC00369298,3/9/1972,0.3,2,24,10
USC00369298,3/10/1972,0,2,26,9
USC00369298,3/11/1972,0,2,40,9
USC00369298,3/12/1972,0,1,46,37
USC00369298,3/15/1972,1.2,1,39,30
USC00369298,3/18/1972,1,1,35,27
USC00369298,3/23/1972,1.2,1,34,22
USC00369298,3/24/1972,1.4,2,27,19
USC00369298,4/2/1972,1.1,1,39,26
USC00369298,4/7/1972,0.5,1,32,21
USC00369298,4/8/1972,1.1,1,27,10
USC00369298,11/15/1972,4.4,4,34,25
USC00369298,11/16/1972,0,2,37,26
USC00369298,11/17/1972,0,1,44,23
USC00369298,11/20/1972,1,1,35,31
USC00369298,11/21/1972,0,1,37,26
USC00369298,11/22/1972,0.4,1,33,26
USC00369298,11/27/1972,0.5,1,37,32
USC00369298,11/29/1972,1.2,2,36,28
USC00369298,12/1/1972,3.4,4,34,27
USC00369298,12/2/1972,2.8,5,41,23
USC00369298,12/3/1972,0,2,44,32
USC00369298,12/16/1972,1.6,2,34,15
USC00369298,12/17/1972,6.1,7,20,13
USC00369298,12/18/1972,0.2,5,29,12
USC00369298,12/19/1972,0,5,37,20
USC00369298,12/20/1972,0,3,37,33
USC00369298,12/21/1972,0,2,41,34
USC00369298,1/6/1973,0.7,1,24,9
USC00369298,1/7/1973,0.3,1,16,6
USC00369298,1/8/1973,0,1,18,0
USC00369298,1/9/1973,0,1,22,1
USC00369298,1/10/1973,0.9,2,25,9
USC00369298,1/11/1973,0,1,20,9
USC00369298,1/12/1973,1.1,2,24,9
USC00369298,1/13/1973,0,1,35,10
USC00369298,1/14/1973,0,1,37,21
USC00369298,1/15/1973,0,1,35,30
USC00369298,1/16/1973,0,1,42,22
USC00369298,1/20/1973,1,1,38,27
USC00369298,1/24/1973,0.6,1,33,27
USC00369298,1/25/1973,2.4,3,47,12
USC00369298,1/29/1973,1.1,1,40,12
USC00369298,1/30/1973,0.3,1,24,5
USC00369298,1/31/1973,0.8,2,34,15
USC00369298,2/1/1973,0,1,41,27
USC00369298,2/9/1973,3,3,23,7
USC00369298,2/10/1973,0.2,3,24,8
USC00369298,2/11/1973,0.2,3,22,6
USC00369298,2/12/1973,0,2,31,-8
USC00369298,2/13/1973,0,2,42,0
USC00369298,2/14/1973,0,2,40,13
USC00369298,2/15/1973,2.7,4,34,29
USC00369298,2/16/1973,2.2,6,29,2
USC00369298,2/17/1973,0.3,5,14,-16
USC00369298,2/18/1973,0,4,31,-12
USC00369298,2/19/1973,0,4,34,9
USC00369298,2/20/1973,0,3,41,29
USC00369298,2/21/1973,0,3,36,31
USC00369298,2/22/1973,3.4,7,32,20
USC00369298,2/23/1973,0.3,6,30,13
USC00369298,2/24/1973,0,5,34,19
USC00369298,2/25/1973,0,4,38,6
USC00369298,2/26/1973,0.5,4,35,22
USC00369298,2/27/1973,0,4,43,10
USC00369298,2/28/1973,0,3,47,9
USC00369298,3/18/1973,5.2,5,32,22
USC00369298,3/19/1973,6,9,32,25
USC00369298,3/20/1973,0,6,37,23
USC00369298,3/21/1973,0,2,36,15
USC00369298,4/11/1973,0.6,1,38,22
USC00369298,11/10/1973,2.6,4,31,25
USC00369298,11/11/1973,0.8,2,35,30
USC00369298,12/10/1973,0.6,1,34,27
USC00369298,12/11/1973,0.3,1,29,23
USC00369298,12/12/1973,1.4,3,30,17
USC00369298,12/13/1973,0,2,34,22
USC00369298,12/14/1973,0,1,35,26
USC00369298,12/22/1973,1.7,2,26,17
USC00369298,12/23/1973,0,1,30,24
USC00369298,12/24/1973,0,1,36,15
USC00369298,12/31/1973,4,4,32,23
USC00369298,1/1/1974,0.3,4,30,21
USC00369298,1/2/1974,0.3,3,23,20
USC00369298,1/3/1974,0,3,27,20
USC00369298,1/4/1974,0.1,3,29,9
USC00369298,1/5/1974,0,3,29,1
USC00369298,1/6/1974,0,2,25,20
USC00369298,1/7/1974,0.1,2,24,17
USC00369298,1/8/1974,0.2,2,21,6
USC00369298,1/9/1974,2.3,5,31,18
USC00369298,1/10/1974,2.5,7,31,24
USC00369298,1/11/1974,1.5,8,32,22
USC00369298,1/12/1974,0.9,8,25,19
USC00369298,1/13/1974,1.5,9,22,0
USC00369298,1/14/1974,0,8,37,7
USC00369298,1/15/1974,0,6,45,34
USC00369298,1/16/1974,0,5,45,34
USC00369298,1/17/1974,0,3,41,25
USC00369298,1/18/1974,0,2,37,24
USC00369298,1/19/1974,0,2,38,30
USC00369298,1/20/1974,0,1,46,25
USC00369298,2/2/1974,3,3,25,22
USC00369298,2/3/1974,1,4,24,16
USC00369298,2/4/1974,0,3,19,5
USC00369298,2/5/1974,0,3,18,-5
USC00369298,2/6/1974,0.3,3,30,5
USC00369298,2/7/1974,1.9,5,28,20
USC00369298,2/8/1974,0,5,25,7
USC00369298,2/9/1974,0,4,24,7
USC00369298,2/10/1974,0,4,24,1
USC00369298,2/11/1974,1.8,6,27,16
USC00369298,2/12/1974,1.1,6,43,17
USC00369298,2/13/1974,0,4,52,34
USC00369298,2/14/1974,0,2,47,13
USC00369298,2/15/1974,0,2,31,7
USC00369298,2/16/1974,0,2,36,14
USC00369298,2/17/1974,0,2,33,21
USC00369298,2/18/1974,1.2,3,37,19
USC00369298,2/19/1974,0,1,39,32
USC00369298,2/23/1974,1.3,1,43,19
USC00369298,2/24/1974,0.6,1,35,11
USC00369298,2/25/1974,1,2,28,16
USC00369298,2/26/1974,1.3,2,31,14
USC00369298,2/27/1974,0,1,44,12
USC00369298,3/1/1974,0.5,1,41,32
USC00369298,3/2/1974,0.5,1,44,28
USC00369298,3/19/1974,1.4,1,37,31
USC00369298,3/21/1974,0.5,1,36,29
USC00369298,3/22/1974,2.2,3,39,22
USC00369298,3/23/1974,0,2,48,31
USC00369298,3/24/1974,3,4,38,19
USC00369298,3/25/1974,0.2,2,35,1
USC00369298,4/6/1974,0.9,1,40,28
USC00369298,4/9/1974,2.6,3,30,25
USC00369298,4/10/1974,1,3,44,12
USC00369298,10/20/1974,4.4,4,33,27
USC00369298,10/21/1974,0,1,44,27
USC00369298,11/26/1974,1.7,2,27,15
USC00369298,11/27/1974,0,1,39,12
USC00369298,11/29/1974,1,1,36,25
USC00369298,12/2/1974,2,2,38,30
USC00369298,12/3/1974,0.5,2,36,28
USC00369298,12/4/1974,0.2,2,34,23
USC00369298,12/5/1974,0,2,34,19
USC00369298,12/6/1974,0,2,43,27
USC00369298,12/7/1974,0,1,42,27
USC00369298,12/10/1974,1.5,2,31,21
USC00369298,12/11/1974,0,1,41,17
USC00369298,12/16/1974,0.6,1,37,32
USC00369298,12/18/1974,1,1,31,22
USC00369298,12/19/1974,0.6,2,36,19
USC00369298,12/20/1974,0.6,2,35,25
USC00369298,12/21/1974,0,2,38,11
USC00369298,12/22/1974,1.5,4,38,27
USC00369298,12/26/1974,0.5,1,31,24
USC00369298,1/2/1975,3.6,4,34,18
USC00369298,1/3/1975,0.5,3,36,17
USC00369298,1/4/1975,0.3,2,36,30
USC00369298,1/5/1975,2.2,4,38,22
USC00369298,1/6/1975,0,3,40,18
USC00369298,1/7/1975,0.2,3,43,27
USC00369298,1/8/1975,0,2,44,28
USC00369298,1/17/1975,1.8,2,28,7
USC00369298,1/18/1975,0.3,2,36,21
USC00369298,1/19/1975,3,3,37,23
USC00369298,1/20/1975,0.5,4,23,0
USC00369298,1/21/1975,0,4,36,-1
USC00369298,1/22/1975,0,4,32,27
USC00369298,1/23/1975,0.2,4,37,26
USC00369298,1/24/1975,0,3,48,28
USC00369298,1/25/1975,0,2,49,36
USC00369298,1/26/1975,1.2,2,36,28
USC00369298,1/27/1975,1.6,3,31,21
USC00369298,1/28/1975,0,2,39,18
USC00369298,1/29/1975,0,1,58,33
USC00369298,2/5/1975,1.8,2,36,24
USC00369298,2/6/1975,3,4,34,30
USC00369298,2/7/1975,0.8,4,30,15
USC00369298,2/8/1975,0.1,4,28,9
USC00369298,2/9/1975,1.9,6,22,10
USC00369298,2/10/1975,0.1,5,23,-1
USC00369298,2/11/1975,0,5,31,17
USC00369298,2/12/1975,0.3,5,32,24
USC00369298,2/13/1975,1.4,6,25,12
USC00369298,2/14/1975,0.3,6,31,15
USC00369298,2/15/1975,0,5,35,9
USC00369298,2/16/1975,0,5,40,29
USC00369298,2/17/1975,0,3,41,33
USC00369298,2/18/1975,0,1,41,34
USC00369298,2/26/1975,2.2,2,37,29
USC00369298,2/27/1975,0.5,1,34,26
USC00369298,3/3/1975,1,1,24,16
USC00369298,3/4/1975,0.8,1,31,16
USC00369298,3/11/1975,1,1,37,26
USC00369298,3/15/1975,6.8,7,39,22
USC00369298,3/16/1975,0,5,48,14
USC00369298,3/17/1975,0,3,58,22
USC00369298,3/18/1975,0,1,54,24
USC00369298,3/26/1975,0.7,1,32,15
USC00369298,3/31/1975,1.9,2,43,20
USC00369298,4/4/1975,3.4,3,24,19
USC00369298,4/5/1975,3.5,6,27,18
USC00369298,4/6/1975,0.2,4,33,23
USC00369298,4/7/1975,0.1,2,39,25
USC00369298,4/8/1975,0,1,42,22
USC00369298,11/27/1975,0.5,1,39,32
USC00369298,12/3/1975,1.8,2,34,24
USC00369298,12/4/1975,5.7,7,36,21
USC00369298,12/5/1975,0.2,4,61,25
USC00369298,12/9/1975,1,1,37,32
USC00369298,12/10/1975,0.6,1,35,30
USC00369298,12/11/1975,0.2,1,35,28
USC00369298,12/12/1975,0.8,2,34,27
USC00369298,12/13/1975,0,2,41,32
USC00369298,12/18/1975,1.3,1,31,14
USC00369298,12/19/1975,3.1,4,19,7
USC00369298,12/20/1975,1.8,5,29,16
USC00369298,12/21/1975,4.5,11,27,14
USC00369298,12/22/1975,0,7,24,12
USC00369298,12/23/1975,1.8,8,27,19
USC00369298,12/24/1975,0.4,7,27,-3
USC00369298,12/25/1975,0,6,19,13
USC00369298,12/26/1975,2,7,40,19
USC00369298,12/27/1975,0,5,37,24
USC00369298,12/28/1975,0,5,30,18
USC00369298,12/29/1975,0.4,5,38,23
USC00369298,12/30/1975,0,5,41,32
USC00369298,12/31/1975,0,3,42,32
USC00369298,1/1/1976,0,3,33,26
USC00369298,1/2/1976,0,2,34,14
USC00369298,1/3/1976,0.4,2,35,26
USC00369298,1/4/1976,1,3,26,13
USC00369298,1/5/1976,5.6,8,20,9
USC00369298,1/6/1976,0.3,6,30,-1
USC00369298,1/7/1976,0,6,34,25
USC00369298,1/8/1976,3.5,8,32,8
USC00369298,1/9/1976,0.3,8,13,0
USC00369298,1/10/1976,0.2,8,27,8
USC00369298,1/11/1976,1.5,10,31,14
USC00369298,1/12/1976,3.4,11,34,24
USC00369298,1/13/1976,0.8,11,41,16
USC00369298,1/14/1976,2,9,45,22
USC00369298,1/15/1976,1.7,10,28,16
USC00369298,1/16/1976,0.7,10,35,20
USC00369298,1/17/1976,2,11,24,1
USC00369298,1/18/1976,0,11,17,-8
USC00369298,1/19/1976,0,11,31,-10
USC00369298,1/20/1976,1.8,12,34,30
USC00369298,1/21/1976,0,11,31,18
USC00369298,1/22/1976,4,15,21,5
USC00369298,1/23/1976,0.7,15,16,-3
USC00369298,1/24/1976,1,14,34,14
USC00369298,1/25/1976,0,13,35,10
USC00369298,1/26/1976,0,9,49,35
USC00369298,1/27/1976,1,5,35,25
USC00369298,1/28/1976,1.1,6,25,15
USC00369298,1/29/1976,0.3,6,34,21
USC00369298,1/30/1976,0.3,6,28,17
USC00369298,1/31/1976,0.2,6,27,9
USC00369298,2/1/1976,0,4,42,25
USC00369298,2/2/1976,0.3,4,33,-5
USC00369298,2/3/1976,0.1,4,30,1
USC00369298,2/4/1976,0,4,33,23
USC00369298,2/5/1976,0,4,23,15
USC00369298,2/6/1976,3.8,8,22,14
USC00369298,2/7/1976,1.5,9,28,11
USC00369298,2/8/1976,0.2,7,30,19
USC00369298,2/9/1976,1.6,8,39,6
USC00369298,2/10/1976,0,7,53,25
USC00369298,2/11/1976,0,2,50,29
USC00369298,2/12/1976,0.5,3,43,23
USC00369298,2/13/1976,0,1,48,30
USC00369298,3/8/1976,1,1,32,20
USC00369298,3/17/1976,6.2,6,26,16
USC00369298,3/18/1976,2.2,6,35,14
USC00369298,3/19/1976,0,3,60,34
USC00369298,10/22/1976,1.8,2,37,30
USC00369298,11/8/1976,2.9,3,34,23
USC00369298,11/9/1976,2.8,4,35,18
USC00369298,11/10/1976,0,2,41,31
USC00369298,11/11/1976,3.5,4,36,26
USC00369298,11/12/1976,0,2,35,16
USC00369298,11/13/1976,2.6,4,42,24
USC00369298,11/14/1976,0,1,43,24
USC00369298,11/22/1976,0.9,1,29,22
USC00369298,11/23/1976,4.5,6,28,24
USC00369298,11/24/1976,0.3,4,33,22
USC00369298,11/25/1976,0.5,3,44,23
USC00369298,11/29/1976,2.8,3,31,13
USC00369298,11/30/1976,0,4,18,3
USC00369298,12/1/1976,0,3,29,10
USC00369298,12/2/1976,0,3,30,6
USC00369298,12/3/1976,0.8,3,20,-7
USC00369298,12/4/1976,1,4,29,12
USC00369298,12/5/1976,0,4,35,20
USC00369298,12/6/1976,0,3,40,8
USC00369298,12/7/1976,0.5,4,38,23
USC00369298,12/8/1976,0.2,3,23,7
USC00369298,12/9/1976,1.2,4,24,12
USC00369298,12/10/1976,0.5,4,46,22
USC00369298,12/13/1976,3.3,4,35,6
USC00369298,12/14/1976,0.2,3,43,0
USC00369298,12/15/1976,0,2,43,26
USC00369298,12/16/1976,0,2,44,18
USC00369298,12/17/1976,0.4,2,36,26
USC00369298,12/18/1976,3.4,5,33,27
USC00369298,12/19/1976,0,4,52,16
USC00369298,12/20/1976,0,1,47,28
USC00369298,12/21/1976,0.4,1,28,11
USC00369298,12/22/1976,0.6,2,25,10
USC00369298,12/23/1976,0.2,1,31,18
USC00369298,12/24/1976,1.5,3,26,10
USC00369298,12/25/1976,0,2,35,13
USC00369298,12/26/1976,1,3,33,19
USC00369298,12/27/1976,2,5,25,12
USC00369298,12/28/1976,0.8,5,27,13
USC00369298,12/29/1976,1.5,6,24,10
USC00369298,12/30/1976,0.2,5,12,-8
USC00369298,12/31/1976,1.2,6,13,-2
USC00369298,1/1/1977,0.3,7,21,3
USC00369298,1/2/1977,1,7,22,12
USC00369298,1/3/1977,0,5,23,13
USC00369298,1/4/1977,0.6,6,30,12
USC00369298,1/5/1977,0,5,25,-5
USC00369298,1/6/1977,0,5,27,-2
USC00369298,1/7/1977,1.3,6,27,9
USC00369298,1/8/1977,0.3,6,20,-4
USC00369298,1/9/1977,0,6,20,10
USC00369298,1/10/1977,3.8,9,30,12
USC00369298,1/11/1977,2.5,10,13,6
USC00369298,1/12/1977,1.1,10,13,0
USC00369298,1/13/1977,0.4,10,14,-11
USC00369298,1/14/1977,0.5,9,26,11
USC00369298,1/15/1977,1.1,10,25,17
USC00369298,1/16/1977,1.6,12,21,-8
USC00369298,1/17/1977,0.2,11,0,-14
USC00369298,1/18/1977,0.5,11,11,-12
USC00369298,1/19/1977,0,10,23,0
USC00369298,1/20/1977,0.5,10,28,13
USC00369298,1/21/1977,0.3,10,23,7
USC00369298,1/22/1977,0.4,10,16,5
USC00369298,1/23/1977,0,10,23,6
USC00369298,1/24/1977,0,10,29,14
USC00369298,1/25/1977,1.5,11,30,22
USC00369298,1/26/1977,1.5,12,27,14
USC00369298,1/27/1977,0.8,12,27,1
USC00369298,1/28/1977,0.7,12,30,-3
USC00369298,1/29/1977,4,14,3,-14
USC00369298,1/30/1977,0.4,13,9,0
USC00369298,1/31/1977,0.2,13,14,-3
USC00369298,2/1/1977,1,13,22,9
USC00369298,2/2/1977,1.6,14,27,17
USC00369298,2/3/1977,1.1,14,32,16
USC00369298,2/4/1977,7.4,20,31,21
USC00369298,2/5/1977,2.5,20,28,3
USC00369298,2/6/1977,0,18,14,-10
USC00369298,2/7/1977,0.3,18,22,4
USC00369298,2/8/1977,0.3,17,29,-4
USC00369298,2/9/1977,0,16,34,7
USC00369298,2/10/1977,0,16,47,27
USC00369298,2/11/1977,0,14,53,30
USC00369298,2/12/1977,0,11,43,32
USC00369298,2/13/1977,0,8,41,28
USC00369298,2/14/1977,2.8,11,34,26
USC00369298,2/15/1977,1.8,12,29,13
USC00369298,2/16/1977,0,11,18,0
USC00369298,2/17/1977,0,10,25,1
USC00369298,2/18/1977,0,10,36,-4
USC00369298,2/19/1977,0,9,37,28
USC00369298,2/20/1977,0,8,29,19
USC00369298,2/21/1977,0,8,25,5
USC00369298,2/22/1977,0,8,50,10
USC00369298,2/23/1977,0,7,63,32
USC00369298,2/24/1977,0,4,51,37
USC00369298,3/18/1977,7.1,7,37,28
USC00369298,3/19/1977,1.3,6,40,19
USC00369298,3/20/1977,0,3,40,18
USC00369298,3/21/1977,1.2,2,52,18
USC00369298,4/6/1977,1.7,2,37,23
USC00369298,4/7/1977,5,4,40,12
USC00369298,4/8/1977,0.5,1,36,18
USC00369298,11/12/1977,2.6,3,35,25
USC00369298,11/13/1977,3.6,5,33,22
USC00369298,11/14/1977,0.7,2,39,20
USC00369298,11/26/1977,0.5,1,35,18
USC00369298,11/27/1977,6.5,7,24,16
USC00369298,11/28/1977,3,7,32,19
USC00369298,11/29/1977,0.3,7,35,17
USC00369298,11/30/1977,0,4,39,27
USC00369298,12/4/1977,1.8,2,31,21
USC00369298,12/5/1977,0,2,33,15
USC00369298,12/6/1977,10.7,11,34,19
USC00369298,12/7/1977,9,16,23,9
USC00369298,12/8/1977,7,19,25,9
USC00369298,12/9/1977,8,19,23,7
USC00369298,12/10/1977,2.2,17,18,-1
USC00369298,12/11/1977,1.4,15,18,-4
USC00369298,12/12/1977,0,14,30,-3
USC00369298,12/13/1977,0.3,13,39,26
USC00369298,12/14/1977,0,8,44,35
USC00369298,12/15/1977,0,8,39,31
USC00369298,12/16/1977,0,5,56,28
USC00369298,12/17/1977,0,4,46,22
USC00369298,12/18/1977,0,3,41,32
USC00369298,12/19/1977,0,2,37,31
USC00369298,12/20/1977,0,2,36,29
USC00369298,12/21/1977,1,3,36,26
USC00369298,12/22/1977,0.5,3,27,19
USC00369298,12/23/1977,0.4,2,44,21
USC00369298,12/24/1977,0,2,45,21
USC00369298,12/25/1977,0,1,46,14
USC00369298,12/29/1977,1.2,1,29,9
USC00369298,1/2/1978,3.8,4,33,12
USC00369298,1/3/1978,1.5,4,21,6
USC00369298,1/4/1978,0.8,4,31,3
USC00369298,1/5/1978,0,3,37,27
USC00369298,1/6/1978,0,3,46,23
USC00369298,1/7/1978,0,1,39,32
USC00369298,1/9/1978,5,5,44,8
USC00369298,1/10/1978,7,9,14,1
USC00369298,1/11/1978,4,10,20,8
USC00369298,1/12/1978,0,8,28,1
USC00369298,1/13/1978,0.5,7,28,17
USC00369298,1/14/1978,1.6,8,26,14
USC00369298,1/15/1978,1,9,19,7
USC00369298,1/16/1978,0.5,8,23,8
USC00369298,1/17/1978,0.7,9,24,14
USC00369298,1/18/1978,7,14,25,15
USC00369298,1/19/1978,0,13,26,12
USC00369298,1/20/1978,1,14,25,14
USC00369298,1/21/1978,5.2,18,21,9
USC00369298,1/22/1978,0.5,16,26,7
USC00369298,1/23/1978,0.2,15,32,-7
USC00369298,1/24/1978,0,15,41,0
USC00369298,1/25/1978,0,13,39,31
USC00369298,1/26/1978,0,9,46,4
USC00369298,1/27/1978,1.2,10,16,5
USC00369298,1/28/1978,1,9,21,5
USC00369298,1/29/1978,2.6,12,17,9
USC00369298,1/30/1978,1,12,22,10
USC00369298,1/31/1978,0.5,11,18,2
USC00369298,2/1/1978,0.9,10,25,9
USC00369298,2/2/1978,0.9,11,24,9
USC00369298,2/3/1978,0.2,10,25,4
USC00369298,2/4/1978,0,10,22,-10
USC00369298,2/5/1978,0,10,23,-7
USC00369298,2/6/1978,2.4,13,19,1
USC00369298,2/7/1978,2.6,14,19,4
USC00369298,2/8/1978,0.7,14,27,12
USC00369298,2/9/1978,0.3,13,30,1
USC00369298,2/10/1978,0,13,29,-5
USC00369298,2/11/1978,0,12,31,13
USC00369298,2/12/1978,0,13,32,15
USC00369298,2/13/1978,0,12,30,18
USC00369298,2/14/1978,0.7,12,28,12
USC00369298,2/15/1978,0,12,35,-5
USC00369298,2/16/1978,0,12,34,13
USC00369298,2/17/1978,0,12,33,15
USC00369298,2/18/1978,0,12,30,0
USC00369298,2/19/1978,0,12,26,3
USC00369298,2/20/1978,0,11,31,-8
USC00369298,2/21/1978,0,11,26,-1
USC00369298,2/22/1978,0,11,20,3
USC00369298,2/23/1978,0,11,35,2
USC00369298,2/24/1978,0.5,11,33,18
USC00369298,2/25/1978,2,13,37,22
USC00369298,2/26/1978,1.6,13,32,17
USC00369298,2/27/1978,1.2,13,24,11
USC00369298,2/28/1978,0,13,35,5
USC00369298,3/1/1978,0.5,13,29,15
USC00369298,3/2/1978,0,13,30,-5
USC00369298,3/3/1978,0.8,13,28,11
USC00369298,3/4/1978,1.4,14,23,10
USC00369298,3/5/1978,0.4,14,23,5
USC00369298,3/6/1978,0,14,35,-5
USC00369298,3/7/1978,0,13,32,-6
USC00369298,3/8/1978,0,12,39,12
USC00369298,3/9/1978,0,12,49,4
USC00369298,3/10/1978,0,11,47,16
USC00369298,3/11/1978,0,9,47,17
USC00369298,3/12/1978,0,8,42,31
USC00369298,3/13/1978,0,7,48,20
USC00369298,3/14/1978,0,3,50,37
USC00369298,3/15/1978,0,1,42,29
USC00369298,3/17/1978,1.4,2,33,22
USC00369298,3/26/1978,1.7,2,39,27
USC00369298,12/28/1978,1,10,23,9
USC00369298,12/29/1978,0,9,26,-11
USC00369298,12/30/1978,0,9,31,-12
USC00369298,2/2/1979,2,9,18,11
USC00369298,2/3/1979,0.3,9,21,0
USC00369298,2/4/1979,0.5,9,27,3
USC00369298,2/5/1979,0.3,9,27,0
USC00369298,2/6/1979,0,7,11,-9
USC00369298,2/7/1979,0,6,23,-10
USC00369298,2/8/1979,5,10,27,5
USC00369298,2/9/1979,0.3,8,17,-15
USC00369298,2/10/1979,0.3,7,9,-15
USC00369298,2/11/1979,0.3,6,10,-34
USC00369298,2/12/1979,0,6,12,-25
USC00369298,2/13/1979,0,6,20,-10
USC00369298,2/14/1979,0,6,12,-20
USC00369298,2/15/1979,0,6,13,-15
USC00369298,2/16/1979,0,4,30,5
USC00369298,2/17/1979,0,4,15,-20
USC00369298,2/20/1979,0,10,28,-8
USC00369298,2/21/1979,0,8,43,-8
USC00369298,2/22/1979,0,7,42,27
USC00369298,2/23/1979,0,7,45,27
USC00369298,2/24/1979,0,4,41,30
USC00369298,2/26/1979,2,6,38,23
USC00369298,2/28/1979,0,7,35,11
USC00369298,3/1/1979,0,6,47,10
USC00369298,3/2/1979,0,2,50,23
USC00369298,3/3/1979,0,2,40,20
USC00369298,3/16/1979,0,1,20,4
USC00369298,12/3/1979,0,2,31,17
USC00369298,12/9/1979,4.3,4,32,10
USC00369298,12/17/1979,1,1,44,4
USC00369298,12/18/1979,2.4,3,18,4
USC00369298,12/20/1979,0,2,35,14
USC00369298,2/12/1980,4.5,6,28,10
USC00369298,2/13/1980,0,1,28,2
USC00369298,2/16/1980,5.1,9,28,14
USC00369298,2/17/1980,2.5,11,29,5
USC00369298,3/11/1980,0.6,1,53,12
USC00369298,3/12/1980,1,1,25,5
USC00369298,3/14/1980,3.1,3,32,15
USC00369298,1/1/1981,0,2,32,12
USC00369298,1/3/1981,2,4,22,10
USC00369298,1/4/1981,1,6,16,-3
USC00369298,1/5/1981,0,6,13,-4
USC00369298,1/6/1981,0,6,17,-3
USC00369298,1/7/1981,3,8,27,15
USC00369298,1/8/1981,0,8,21,5
USC00369298,1/9/1981,0,8,17,-2
USC00369298,1/10/1981,0,8,20,0
USC00369298,1/11/1981,0,8,14,0
USC00369298,1/12/1981,0,8,14,-14
USC00369298,1/13/1981,0,8,14,-14
USC00369298,1/14/1981,0,8,22,5
USC00369298,1/15/1981,0,8,32,18
USC00369298,1/16/1981,0,8,32,18
USC00369298,1/17/1981,3,11,30,11
USC00369298,1/18/1981,0,11,20,10
USC00369298,1/20/1981,0,5,40,17
USC00369298,1/21/1981,0,5,36,27
USC00369298,1/22/1981,0,5,44,26
USC00369298,1/23/1981,0,5,32,27
USC00369298,1/24/1981,0,5,33,25
USC00369298,1/25/1981,0,5,35,14
USC00369298,1/26/1981,0,4,48,14
USC00369298,1/27/1981,0,3,52,34
USC00369298,1/28/1981,1,4,38,28
USC00369298,1/29/1981,1.5,4,36,20
USC00369298,1/30/1981,0,4,28,5
USC00369298,1/31/1981,0,4,24,3
USC00369298,2/1/1981,0,4,36,10
USC00369298,2/2/1981,0,4,38,28
USC00369298,2/3/1981,0,4,31,4
USC00369298,2/4/1981,0,4,10,5
USC00369298,2/5/1981,0,4,15,-6
USC00369298,2/6/1981,0.5,5,21,-6
USC00369298,2/7/1981,0,5,25,12
USC00369298,2/8/1981,0,4,42,12
USC00369298,2/9/1981,2,4,32,12
USC00369298,2/10/1981,0,4,28,15
USC00369298,2/11/1981,0,3,49,23
USC00369298,2/12/1981,2,5,51,-3
USC00369298,2/13/1981,0,5,16,-1
USC00369298,2/14/1981,0,2,35,-2
USC00369298,2/15/1981,0,2,45,14
USC00369298,2/16/1981,0,2,56,22
USC00369298,2/17/1981,0,2,55,31
USC00369298,2/18/1981,0,1,50,31
USC00369298,3/14/1981,0,1,47,16
USC00369298,3/22/1981,0,4,38,19
USC00369298,12/6/1981,1,1,33,25
USC00369298,12/13/1981,0,4,31,20
USC00369298,12/14/1981,0,2,31,21
USC00369298,12/15/1981,0,2,35,25
USC00369298,12/16/1981,0,2,34,26
USC00369298,12/17/1981,0,2,32,21
USC00369298,12/19/1981,0,7,28,12
USC00369298,12/21/1981,0,8,24,7
USC00369298,12/22/1981,0,8,34,10
USC00369298,12/24/1981,0,2,46,30
USC00369298,12/25/1981,0,1,37,22
USC00369298,12/28/1981,0,1,36,22
USC00369298,12/29/1981,0,1,38,27
USC00369298,12/30/1981,0.5,1,30,13
USC00369298,12/31/1981,0,1,35,12
USC00369298,1/12/1982,0.5,4,9,-6
USC00369298,1/15/1982,0,6,23,11
USC00369298,1/16/1982,1.8,6,23,8
USC00369298,1/17/1982,1,7,24,-19
USC00369298,2/1/1982,0,4,47,15
USC00369298,2/2/1982,0,3,30,12
USC00369298,2/3/1982,0,3,36,18
USC00369298,2/4/1982,0,3,38,20
USC00369298,2/5/1982,0,3,28,9
USC00369298,2/6/1982,0,3,32,9
USC00369298,2/8/1982,0,3,32,17
USC00369298,2/10/1982,1,6,28,4
USC00369298,2/11/1982,0,5,20,-1
USC00369298,2/12/1982,0,6,29,4
USC00369298,2/14/1982,1,7,27,14
USC00369298,2/16/1982,0,5,52,35
USC00369298,2/20/1982,0,5,35,28
USC00369298,2/21/1982,0,5,36,29
USC00369298,2/22/1982,0,5,35,27
USC00369298,2/23/1982,0,5,35,27
USC00369298,2/26/1982,0,7,26,-4
USC00369298,2/27/1982,0,7,22,6
USC00369298,2/28/1982,0,7,42,6
USC00369298,3/1/1982,0,4,40,10
USC00369298,3/2/1982,0,4,45,25
USC00369298,3/3/1982,1,4,32,5
USC00369298,3/4/1982,0,4,29,15
USC00369298,3/6/1982,0,3,24,12
USC00369298,3/7/1982,1,4,41,12
USC00369298,3/8/1982,0,4,30,7
USC00369298,3/9/1982,3,6,31,10
USC00369298,3/11/1982,0,4,49,18
USC00369298,3/12/1982,0,12,52,34
USC00369298,3/13/1982,0,1,54,35
USC00369298,3/27/1982,1,1,32,12
USC00369298,4/7/1982,2,3,23,11
USC00369298,4/8/1982,0,2,28,10
USC00369298,11/27/1982,1,1,37,28
USC00369298,12/11/1982,3.5,4,32,19
USC00369298,12/12/1982,1,4,32,12
USC00369298,12/13/1982,1,5,30,7
USC00369298,12/21/1982,1,5,34,23
USC00369298,12/22/1982,1,6,34,26
USC00369298,1/23/1983,1,1,38,32
USC00369298,1/27/1983,0.3,1,30,11
USC00369298,3/11/1983,2,2,41,31
USC00369298,3/12/1983,0,1,34,26
USC00369298,11/4/1983,1.5,2,56,29
USC00369298,11/17/1983,1,1,38,31
USC00369298,12/3/1983,0.8,1,32,24
USC00369298,12/4/1983,1,1,38,31
USC00369298,12/7/1983,1,1,49,24
USC00369298,12/8/1983,3.5,5,28,17
USC00369298,12/11/1983,0,2,35,25
USC00369298,12/22/1983,1,1,35,9
USC00369298,12/23/1983,1,1,38,5
USC00369298,12/24/1983,0.8,2,15,1
USC00369298,12/25/1983,2,3,2,-8
USC00369298,12/26/1983,0,3,2,-9
USC00369298,12/28/1983,0.5,2,27,12
USC00369298,12/29/1983,0.5,1,37,17
USC00369298,12/30/1983,0,1,19,2
USC00369298,12/31/1983,0,1,15,0
USC00369298,1/1/1984,0,1,27,2
USC00369298,1/2/1984,0,1,36,21
USC00369298,1/3/1984,0,1,33,22
USC00369298,1/4/1984,0,1,34,27
USC00369298,1/5/1984,0,1,38,31
USC00369298,1/6/1984,0,1,39,32
USC00369298,1/7/1984,0.5,1,36,18
USC00369298,1/8/1984,0.8,1,24,10
USC00369298,1/9/1984,1.8,2,30,9
USC00369298,1/10/1984,8.3,10,26,11
USC00369298,1/11/1984,1,11,27,3
USC00369298,1/12/1984,0,11,18,-10
USC00369298,1/13/1984,0,11,22,-8
USC00369298,1/14/1984,0.5,11,31,17
USC00369298,1/15/1984,0.5,10,29,9
USC00369298,1/16/1984,0,10,21,-10
USC00369298,1/17/1984,0,10,27,-1
USC00369298,1/18/1984,0,9,27,20
USC00369298,1/19/1984,2,11,24,1
USC00369298,1/20/1984,0,10,11,-6
USC00369298,1/21/1984,0,10,10,-14
USC00369298,1/22/1984,0,10,6,-12
USC00369298,1/23/1984,0,10,25,-6
USC00369298,1/24/1984,0,8,35,0
USC00369298,1/25/1984,0,8,41,34
USC00369298,1/26/1984,0,6,41,28
USC00369298,1/27/1984,0,5,42,28
USC00369298,1/28/1984,0,5,36,10
USC00369298,1/29/1984,0.5,5,34,11
USC00369298,1/30/1984,1,6,36,26
USC00369298,1/31/1984,3,9,31,14
USC00369298,2/1/1984,0.5,8,21,3
USC00369298,2/2/1984,0,8,32,5
USC00369298,2/3/1984,0,8,49,12
USC00369298,2/4/1984,0,6,44,31
USC00369298,2/5/1984,0,5,42,27
USC00369298,2/6/1984,0,3,36,19
USC00369298,2/7/1984,0.3,5,27,12
USC00369298,2/8/1984,0,5,23,9
USC00369298,2/9/1984,0,5,27,11
USC00369298,2/10/1984,0,5,42,14
USC00369298,2/11/1984,0,3,56,21
USC00369298,2/12/1984,0,3,50,31
USC00369298,2/13/1984,0,2,65,36
USC00369298,2/21/1984,0,2,36,22
USC00369298,2/26/1984,0.2,2,33,21
USC00369298,2/27/1984,0,2,32,21
USC00369298,2/28/1984,4.5,6,32,21
USC00369298,2/29/1984,4.5,9,28,12
USC00369298,3/3/1984,0.3,11,25,17
USC00369298,3/4/1984,0,11,28,5
USC00369298,3/5/1984,0,11,38,6
USC00369298,3/6/1984,0,5,43,28
USC00369298,3/7/1984,0.8,4,35,14
USC00369298,3/8/1984,0,4,26,0
USC00369298,3/9/1984,3.5,8,22,-3
USC00369298,3/10/1984,0,8,24,-2
USC00369298,3/11/1984,0,8,31,1
USC00369298,3/12/1984,0,8,25,-4
USC00369298,3/13/1984,2.5,7,26,-2
USC00369298,3/14/1984,0.8,7,31,21
USC00369298,3/15/1984,0,5,37,19
USC00369298,3/16/1984,0,3,53,19
USC00369298,3/17/1984,0,3,55,19
USC00369298,3/18/1984,0,2,56,19
USC00369298,3/19/1984,0,1,41,30
USC00369298,3/22/1984,5,1,51,31
USC00369298,3/23/1984,2,3,35,24
USC00369298,3/24/1984,0,2,29,14
USC00369298,3/29/1984,2,2,41,30
USC00369298,3/30/1984,2,4,55,29
USC00369298,3/31/1984,0,2,38,28
USC00369298,4/1/1984,0,1,45,24
USC00369298,12/6/1984,6,6,32,23
USC00369298,12/7/1984,4.5,11,31,17
USC00369298,12/8/1984,0,10,24,15
USC00369298,12/9/1984,0,8,38,16
USC00369298,12/10/1984,0,5,49,15
USC00369298,12/11/1984,0,3,42,34
USC00369298,12/12/1984,0,2,38,32
USC00369298,1/8/1985,4,4,34,17
USC00369298,1/9/1985,1,5,21,10
USC00369298,1/10/1985,0,3,20,3
USC00369298,1/11/1985,0.5,3,19,8
USC00369298,1/12/1985,1,4,24,14
USC00369298,1/13/1985,0.3,4,24,10
USC00369298,1/14/1985,0,3,30,13
USC00369298,1/15/1985,3,6,30,12
USC00369298,1/16/1985,1,7,18,5
USC00369298,1/17/1985,8,11,25,17
USC00369298,1/18/1985,1.5,12,28,20
USC00369298,1/19/1985,1.5,13,27,20
USC00369298,1/20/1985,1,13,22,-9
USC00369298,1/21/1985,0,13,-3,-14
USC00369298,1/22/1985,3,15,12,-16
USC00369298,1/23/1985,2,16,24,11
USC00369298,1/24/1985,1,17,23,14
USC00369298,1/25/1985,3,15,30,20
USC00369298,1/26/1985,2,15,32,10
USC00369298,1/27/1985,0,15,21,10
USC00369298,1/28/1985,0.5,12,23,12
USC00369298,1/29/1985,0.5,12,28,17
USC00369298,1/30/1985,0,12,24,14
USC00369298,1/31/1985,0,12,34,13
USC00369298,2/1/1985,0.5,10,34,20
USC00369298,2/2/1985,1,11,26,11
USC00369298,2/3/1985,5,15,22,4
USC00369298,2/4/1985,0,15,21,-7
USC00369298,2/5/1985,0,15,29,-7
USC00369298,2/6/1985,1.2,15,26,6
USC00369298,2/7/1985,0.5,15,28,15
USC00369298,2/8/1985,0.5,16,19,3
USC00369298,2/9/1985,0.5,15,15,3
USC00369298,2/10/1985,0,14,20,12
USC00369298,2/11/1985,0,13,29,27
USC00369298,2/12/1985,1.5,12,40,24
USC00369298,2/13/1985,0.5,9,46,27
USC00369298,2/14/1985,1.5,11,30,17
USC00369298,2/15/1985,1.5,11,26,13
USC00369298,2/16/1985,0,11,22,7
USC00369298,2/17/1985,0,11,31,28
USC00369298,2/18/1985,0,10,35,15
USC00369298,2/19/1985,0,10,44,26
USC00369298,2/20/1985,0,9,35,14
USC00369298,2/21/1985,0,6,43,16
USC00369298,2/22/1985,0,5,49,19
USC00369298,3/4/1985,2,2,41,23
USC00369298,3/5/1985,0,1,45,25
USC00369298,3/6/1985,0.5,1,34,12
USC00369298,4/2/1985,0.5,1,38,27
USC00369298,4/3/1985,2.3,2,34,29
USC00369298,12/4/1985,0,1,26,22
USC00369298,12/6/1985,0,2,36,33
USC00369298,12/7/1985,0,1,34,30
USC00369298,12/16/1985,1,3,26,13
USC00369298,12/17/1985,2,5,30,14
USC00369298,12/18/1985,1,4,20,10
USC00369298,12/19/1985,2,5,16,6
USC00369298,12/20/1985,0,5,20,2
USC00369298,12/21/1985,2,7,22,2
USC00369298,12/22/1985,0.2,7,21,7
USC00369298,12/24/1985,1,8,36,30
USC00369298,12/25/1985,0.3,3,37,7
USC00369298,12/27/1985,4,7,28,0
USC00369298,12/28/1985,5,10,28,12
USC00369298,12/29/1985,0,10,22,10
USC00369298,12/30/1985,0,10,28,15
USC00369298,12/31/1985,0,6,35,15
USC00369298,1/1/1986,0,4,42,21
USC00369298,1/2/1986,1,5,31,20
USC00369298,1/3/1986,0,4,41,26
USC00369298,1/4/1986,0,4,38,24
USC00369298,1/5/1986,3.5,7,35,28
USC00369298,1/6/1986,4.5,10,33,21
USC00369298,1/7/1986,0.5,11,25,11
USC00369298,1/8/1986,1,12,20,10
USC00369298,1/9/1986,0.3,7,21,10
USC00369298,1/10/1986,0,6,39,12
USC00369298,1/11/1986,0,6,34,17
USC00369298,1/12/1986,0,5,39,18
USC00369298,1/13/1986,0.5,4,43,22
USC00369298,1/14/1986,1,5,30,5
USC00369298,1/15/1986,0.2,5,21,-5
USC00369298,1/16/1986,0,5,20,-4
USC00369298,1/17/1986,0,4,46,12
USC00369298,1/18/1986,0,2,46,36
USC00369298,1/19/1986,0,1,51,36
USC00369298,1/21/1986,1,1,35,29
USC00369298,1/28/1986,1,1,24,2
USC00369298,1/29/1986,1,2,12,2
USC00369298,1/30/1986,1.5,3,24,8
USC00369298,1/31/1986,0,3,22,9
USC00369298,2/1/1986,0,3,31,10
USC00369298,2/7/1986,3,3,38,20
USC00369298,2/8/1986,2,3,27,20
USC00369298,2/9/1986,0,3,27,20
USC00369298,2/10/1986,0.5,4,30,19
USC00369298,2/11/1986,0,2,28,13
USC00369298,2/12/1986,0,1,28,9
USC00369298,2/13/1986,1,2,20,9
USC00369298,2/14/1986,0,2,21,10
USC00369298,2/15/1986,1.5,4,25,14
USC00369298,2/16/1986,0.5,4,25,9
USC00369298,2/17/1986,2,5,34,16
USC00369298,2/18/1986,0,2,41,34
USC00369298,2/27/1986,0.5,1,27,11
USC00369298,3/7/1986,4,4,35,8
USC00369298,3/8/1986,0.5,5,11,-1
USC00369298,3/9/1986,0,2,33,-1
USC00369298,4/11/1986,1,1,36,28
USC00369298,11/13/1986,2,2,40,21
USC00369298,11/14/1986,1,2,26,16
USC00369298,11/15/1986,0,1,33,16
USC00369298,11/19/1986,2,2,40,22
USC00369298,11/20/1986,0,1,32,19
USC00369298,11/22/1986,0,2,33,28
USC00369298,12/3/1986,0,2,40,32
USC00369298,12/4/1986,0,1,42,28
USC00369298,12/5/1986,0.5,1,35,26
USC00369298,12/6/1986,0,1,33,24
USC00369298,12/7/1986,0,1,39,23
USC00369298,12/14/1986,0,2,25,8
USC00369298,12/15/1986,0,2,39,15
USC00369298,12/16/1986,0,1,37,31
USC00369298,1/2/1987,2,2,34,27
USC00369298,1/3/1987,4,6,32,25
USC00369298,1/4/1987,0,6,38,15
USC00369298,1/5/1987,0,5,35,7
USC00369298,1/6/1987,0,5,37,7
USC00369298,1/8/1987,0,2,37,26
USC00369298,1/9/1987,0,2,31,27
USC00369298,1/10/1987,2,4,33,26
USC00369298,1/11/1987,0.8,4,36,27
USC00369298,1/12/1987,0.3,4,31,25
USC00369298,1/13/1987,0,3,32,25
USC00369298,1/14/1987,0,3,42,21
USC00369298,1/15/1987,0,2,55,31
USC00369298,1/16/1987,0,2,41,24
USC00369298,1/17/1987,0,2,30,14
USC00369298,1/18/1987,0,1,30,13
USC00369298,1/19/1987,0,1,35,27
USC00369298,1/21/1987,0,3,28,18
USC00369298,1/22/1987,0,3,30,16
USC00369298,1/23/1987,4,7,27,18
USC00369298,1/24/1987,0.5,6,26,-2
USC00369298,1/25/1987,0,6,9,-3
USC00369298,1/26/1987,0,6,24,-5
USC00369298,1/27/1987,0,6,25,-5
USC00369298,1/28/1987,0,5,26,4
USC00369298,1/29/1987,1,6,26,4
USC00369298,1/30/1987,0.3,5,33,24
USC00369298,1/31/1987,1.5,5,38,24
USC00369298,2/1/1987,1,6,28,24
USC00369298,2/2/1987,0,5,38,24
USC00369298,2/3/1987,0,3,44,36
USC00369298,2/4/1987,0,3,40,30
USC00369298,2/5/1987,1,4,33,16
USC00369298,2/7/1987,0,2,47,16
USC00369298,2/8/1987,0,2,42,28
USC00369298,2/9/1987,2.3,4,38,8
USC00369298,2/10/1987,0,3,25,7
USC00369298,2/11/1987,0,3,33,9
USC00369298,2/12/1987,1.3,5,42,23
USC00369298,2/13/1987,0.5,6,35,15
USC00369298,2/14/1987,0,6,30,11
USC00369298,2/15/1987,0,5,30,-1
USC00369298,2/16/1987,0,5,18,-8
USC00369298,2/17/1987,0,5,37,-8
USC00369298,2/18/1987,0,5,37,12
USC00369298,2/19/1987,0,2,38,7
USC00369298,2/20/1987,0,2,38,7
USC00369298,2/21/1987,0,2,38,8
USC00369298,2/22/1987,0,2,45,13
USC00369298,2/23/1987,0,1,50,22
USC00369298,2/24/1987,0,1,34,21
USC00369298,2/25/1987,0,1,40,13
USC00369298,3/2/1987,0.5,1,47,31
USC00369298,3/3/1987,0.5,1,35,25
USC00369298,3/4/1987,1,1,33,16
USC00369298,3/5/1987,0,1,35,14
USC00369298,4/1/1987,3.6,6,28,22
USC00369298,4/4/1987,4,4,39,29
USC00369298,11/6/1987,6,6,50,29
USC00369298,11/7/1987,0,5,37,29
USC00369298,11/21/1987,4,4,35,13
USC00369298,11/22/1987,1,5,22,9
USC00369298,11/23/1987,0,2,42,10
USC00369298,12/2/1987,1,1,38,27
USC00369298,12/3/1987,0.5,1,34,27
USC00369298,12/4/1987,2,3,35,28
USC00369298,12/5/1987,0.5,2,33,26
USC00369298,12/6/1987,0,2,33,27
USC00369298,12/7/1987,0,2,35,23
USC00369298,12/13/1987,0.5,1,44,32
USC00369298,12/16/1987,1,1,42,28
USC00369298,12/17/1987,2.5,4,32,22
USC00369298,12/18/1987,0.4,3,32,24
USC00369298,12/19/1987,0,3,31,24
USC00369298,12/20/1987,0,1,40,32
USC00369298,12/29/1987,4,4,34,24
USC00369298,12/30/1987,1,4,26,8
USC00369298,12/31/1987,0,4,28,9
USC00369298,1/1/1988,0,1,40,23
USC00369298,1/2/1988,0,1,23,15
USC00369298,1/3/1988,0,1,26,9
USC00369298,1/4/1988,0,1,33,9
USC00369298,1/6/1988,0.5,1,11,-2
USC00369298,1/7/1988,0,1,15,-4
USC00369298,1/8/1988,0.5,1,21,-3
USC00369298,1/10/1988,0.3,1,23,12
USC00369298,1/11/1988,0,1,26,0
USC00369298,1/12/1988,0,1,28,25
USC00369298,1/13/1988,0,1,46,15
USC00369298,1/14/1988,0.5,1,30,-1
USC00369298,1/15/1988,0,1,16,-1
USC00369298,1/16/1988,0,1,32,13
USC00369298,1/24/1988,1,1,34,25
USC00369298,1/26/1988,2,2,34,10
USC00369298,1/27/1988,1,3,16,8
USC00369298,1/28/1988,0,3,23,10
USC00369298,1/29/1988,0,3,23,9
USC00369298,1/30/1988,0,2,41,12
USC00369298,2/4/1988,5.5,6,35,21
USC00369298,2/5/1988,1,6,27,9
USC00369298,2/6/1988,2,8,20,-1
USC00369298,2/7/1988,0,8,10,-3
USC00369298,2/8/1988,1,8,24,-3
USC00369298,2/9/1988,0,8,24,6
USC00369298,2/10/1988,0,7,31,11
USC00369298,2/11/1988,0,4,32,16
USC00369298,2/12/1988,2,6,37,17
USC00369298,2/13/1988,2,8,33,11
USC00369298,2/14/1988,3,8,17,3
USC00369298,2/15/1988,0,7,39,2
USC00369298,2/16/1988,0,4,43,23
USC00369298,2/17/1988,0,4,32,23
USC00369298,2/18/1988,0,3,47,22
USC00369298,2/19/1988,0,2,48,20
USC00369298,2/21/1988,1,2,39,4
USC00369298,2/22/1988,0,2,25,4
USC00369298,2/25/1988,1,4,29,15
USC00369298,2/26/1988,1,3,22,14
USC00369298,2/27/1988,0.5,3,32,11
USC00369298,2/28/1988,0,1,36,11
USC00369298,3/1/1988,0.5,1,41,19
USC00369298,3/2/1988,0,1,38,19
USC00369298,3/4/1988,3,3,36,22
USC00369298,3/5/1988,0,2,32,9
USC00369298,3/14/1988,1,1,38,24
USC00369298,3/15/1988,1.5,2,30,15
USC00369298,3/16/1988,0,2,27,15
USC00369298,3/19/1988,1.5,2,35,23
USC00369298,3/20/1988,2,2,33,19
USC00369298,3/21/1988,0,2,27,6
USC00369298,3/22/1988,0,1,28,4
USC00369298,10/12/1988,0.5,1,50,32
USC00369298,12/2/1988,1,1,34,28
USC00369298,12/10/1988,1,1,32,18
USC00369298,12/11/1988,3,4,25,7
USC00369298,12/13/1988,0,4,20,-9
USC00369298,12/14/1988,0.5,4,28,13
USC00369298,12/15/1988,0,3,41,25
USC00369298,12/16/1988,1,3,33,13
USC00369298,12/18/1988,1,4,28,12
USC00369298,12/19/1988,1,4,26,16
USC00369298,12/20/1988,0,3,45,25
USC00369298,12/27/1988,0.5,1,30,23
USC00369298,12/29/1988,2.5,3,43,20
USC00369298,12/30/1988,0,3,22,12
USC00369298,12/31/1988,0,1,33,10
USC00369298,1/1/1989,0,1,31,20
USC00369298,1/2/1989,0,1,40,24
USC00369298,1/4/1989,2.5,3,29,10
USC00369298,1/5/1989,1,4,15,0
USC00369298,1/6/1989,0.5,4,24,8
USC00369298,1/7/1989,0.5,4,30,23
USC00369298,1/21/1989,1,1,36,7
USC00369298,1/22/1989,0,1,25,7
USC00369298,1/23/1989,0,1,47,15
USC00369298,2/3/1989,0.5,1,40,23
USC00369298,2/5/1989,2,3,23,10
USC00369298,2/6/1989,1,3,28,16
USC00369298,2/7/1989,1,4,25,15
USC00369298,2/8/1989,0,3,27,8
USC00369298,2/9/1989,1,4,25,5
USC00369298,2/10/1989,0,4,17,5
USC00369298,2/11/1989,0,3,24,12
USC00369298,2/12/1989,0,3,30,20
USC00369298,2/13/1989,0,3,33,11
USC00369298,2/14/1989,0,1,40,12
USC00369298,2/15/1989,0,1,40,31
USC00369298,2/23/1989,0.5,1,33,13
USC00369298,2/26/1989,0.7,1,30,4
USC00369298,2/27/1989,2.5,3,36,24
USC00369298,2/28/1989,0,3,33,20
USC00369298,3/1/1989,0.5,2,39,19
USC00369298,3/2/1989,0,2,27,6
USC00369298,3/3/1989,0.1,3,33,6
USC00369298,3/4/1989,0,1,49,21
USC00369298,3/21/1989,2,2,39,25
USC00369298,3/22/1989,2,2,34,15
USC00369298,4/1/1989,3,3,37,30
USC00369298,4/10/1989,1,1,41,24
USC00369298,11/19/1989,1,1,30,22
USC00369298,11/21/1989,1,1,50,22
USC00369298,11/22/1989,1,1,26,19
USC00369298,11/24/1989,1,1,29,17
USC00369298,11/30/1989,0.5,1,26,20
USC00369298,12/1/1989,4.5,5,30,26
USC00369298,12/2/1989,0,3,29,13
USC00369298,12/3/1989,2,4,38,16
USC00369298,12/4/1989,1,5,18,11
USC00369298,12/5/1989,1,4,21,9
USC00369298,12/6/1989,0,4,31,15
USC00369298,12/7/1989,1,3,41,19
USC00369298,12/8/1989,0,3,22,15
USC00369298,12/9/1989,0,3,23,3
USC00369298,12/10/1989,0,2,28,3
USC00369298,12/11/1989,0.5,3,28,19
USC00369298,12/12/1989,1,4,32,25
USC00369298,12/13/1989,0.5,4,29,19
USC00369298,12/14/1989,0.5,4,24,16
USC00369298,12/15/1989,0.5,4,25,6
USC00369298,12/16/1989,6,9,18,6
USC00369298,12/20/1989,1.5,10,21,9
USC00369298,12/21/1989,1,11,16,6
USC00369298,12/22/1989,1.5,12,11,-1
USC00369298,12/23/1989,0.5,10,11,-1
USC00369298,12/24/1989,0,10,15,1
USC00369298,12/25/1989,0,10,18,0
USC00369298,12/26/1989,3.5,10,20,13
USC00369298,12/27/1989,1,11,20,0
USC00369298,12/28/1989,2,12,20,1
USC00369298,12/29/1989,0,9,23,18
USC00369298,12/30/1989,1.5,7,35,22
USC00369298,12/31/1989,0,6,38,29
USC00369298,1/1/1990,1.5,4,43,27
USC00369298,1/2/1990,1,5,28,26
USC00369298,1/3/1990,0,4,37,25
USC00369298,1/4/1990,0,3,46,27
USC00369298,1/5/1990,0,1,49,29
USC00369298,1/6/1990,0,1,36,20
USC00369298,1/12/1990,3,3,40,25
USC00369298,1/13/1990,1.5,4,26,18
USC00369298,1/14/1990,0,4,24,18
USC00369298,1/15/1990,0,3,36,22
USC00369298,1/16/1990,0,2,44,36
USC00369298,1/21/1990,0.5,1,36,31
USC00369298,1/22/1990,0.5,1,37,31
USC00369298,1/26/1990,0.5,1,53,29
USC00369298,1/29/1990,1.5,2,36,27
USC00369298,1/30/1990,6,6,32,28
USC00369298,1/31/1990,0,4,38,19
USC00369298,2/1/1990,0,2,43,19
USC00369298,2/2/1990,0,1,48,29
USC00369298,2/5/1990,1,1,32,20
USC00369298,2/6/1990,0,1,35,20
USC00369298,2/17/1990,0.5,1,62,26
USC00369298,2/24/1990,1,1,46,26
USC00369298,2/25/1990,0.5,5,31,8
USC00369298,2/26/1990,0,4,12,-6
USC00369298,2/27/1990,0,3,26,-6
USC00369298,2/28/1990,0,1,35,19
USC00369298,3/1/1990,0,1,28,9
USC00369298,3/2/1990,0,1,40,9
USC00369298,3/6/1990,0.5,1,36,19
USC00369298,11/13/1990,0.5,1,33,30
USC00369298,12/3/1990,1,1,44,29
USC00369298,12/5/1990,2,2,34,21
USC00369298,12/6/1990,0,1,34,23
USC00369298,12/7/1990,0,1,34,28
USC00369298,12/25/1990,0.3,1,24,8
USC00369298,12/26/1990,0.2,1,24,7
USC00369298,12/27/1990,0,1,20,9
USC00369298,12/28/1990,3,3,25,10
USC00369298,12/29/1990,0,2,40,10
USC00369298,12/31/1990,0.7,1,54,21
USC00369298,1/1/1991,1,1,25,17
USC00369298,1/7/1991,0,1,32,25
USC00369298,1/11/1991,2,2,36,21
USC00369298,1/12/1991,3.5,4,33,21
USC00369298,1/13/1991,0,4,34,20
USC00369298,1/14/1991,0.5,4,27,20
USC00369298,1/15/1991,0,3,37,27
USC00369298,1/16/1991,0,2,49,34
USC00369298,1/18/1991,1,1,33,25
USC00369298,1/20/1991,0,1,45,31
USC00369298,1/21/1991,1,1,39,14
USC00369298,1/22/1991,1,2,16,-4
USC00369298,1/23/1991,0,2,17,-4
USC00369298,1/24/1991,1.5,3,29,17
USC00369298,1/25/1991,0.8,3,21,6
USC00369298,1/26/1991,0,3,18,-1
USC00369298,1/27/1991,0,3,23,5
USC00369298,1/28/1991,1,3,34,17
USC00369298,1/29/1991,0,2,38,16
USC00369298,1/30/1991,0.1,3,41,15
USC00369298,1/31/1991,0.3,3,32,18
USC00369298,2/1/1991,0,3,21,15
USC00369298,2/2/1991,0,3,31,14
USC00369298,2/3/1991,0,2,48,27
USC00369298,2/4/1991,0,1,55,28
USC00369298,2/11/1991,0.5,1,39,18
USC00369298,2/12/1991,0.5,1,23,16
USC00369298,2/13/1991,0,1,27,17
USC00369298,2/14/1991,2,2,32,27
USC00369298,2/15/1991,2,3,34,18
USC00369298,2/16/1991,3,4,19,8
USC00369298,2/17/1991,1,5,22,10
USC00369298,2/18/1991,0,5,31,21
USC00369298,2/19/1991,0,2,42,21
USC00369298,2/20/1991,0,1,52,33
USC00369298,2/27/1991,0.5,1,28,17
USC00369298,2/28/1991,3,3,28,19
USC00369298,3/1/1991,2,4,37,19
USC00369298,3/4/1991,2,2,48,32
USC00369298,3/5/1991,1.5,2,47,25
USC00369298,3/10/1991,1,1,40,16
USC00369298,11/8/1991,1,1,32,26
USC00369298,11/26/1991,2,2,28,24
USC00369298,11/27/1991,1,1,31,17
USC00369298,12/4/1991,2,2,47,26
USC00369298,12/5/1991,2,4,26,14
USC00369298,12/6/1991,2.5,6,32,13
USC00369298,12/7/1991,0,3,39,25
USC00369298,12/15/1991,5,5,54,23
USC00369298,12/16/1991,2,6,27,16
USC00369298,12/17/1991,1,7,22,15
USC00369298,12/18/1991,5,9,37,22
USC00369298,12/19/1991,0,9,22,-1
USC00369298,12/20/1991,0,9,22,-1
USC00369298,12/21/1991,2,6,37,2
USC00369298,12/22/1991,0,6,36,25
USC00369298,12/23/1991,0,5,42,24
USC00369298,12/24/1991,0.5,4,38,23
USC00369298,12/25/1991,0,3,32,23
USC00369298,12/26/1991,0,3,32,19
USC00369298,12/27/1991,0,2,38,19
USC00369298,12/28/1991,0,2,38,19
USC00369298,12/29/1991,0,1,39,19
USC00369298,12/30/1991,0,1,40,29
USC00369298,12/31/1991,0,1,30,14
USC00369298,1/11/1992,1,1,34,27
USC00369298,1/12/1992,0,1,31,26
USC00369298,1/15/1992,1.5,2,50,16
USC00369298,1/16/1992,1,2,23,6
USC00369298,1/17/1992,1.5,3,13,5
USC00369298,1/18/1992,1.5,4,27,13
USC00369298,1/19/1992,0.5,5,15,-3
USC00369298,1/20/1992,2,7,16,-3
USC00369298,1/21/1992,1,7,23,16
USC00369298,1/22/1992,0,7,30,13
USC00369298,1/23/1992,0,3,39,13
USC00369298,1/24/1992,2,5,41,23
USC00369298,1/25/1992,1,6,24,15
USC00369298,1/26/1992,1,7,21,12
USC00369298,1/27/1992,0.5,5,25,15
USC00369298,1/28/1992,0,4,37,21
USC00369298,1/29/1992,0,3,40,31
USC00369298,1/30/1992,0,3,39,26
USC00369298,1/31/1992,0,1,39,26
USC00369298,2/1/1992,0,1,39,20
USC00369298,2/2/1992,0,1,22,14
USC00369298,2/3/1992,0,1,31,14
USC00369298,2/4/1992,0,1,37,27
USC00369298,2/5/1992,1,1,39,19
USC00369298,2/6/1992,0,1,28,11
USC00369298,2/8/1992,1,1,35,25
USC00369298,2/9/1992,0.5,2,27,10
USC00369298,2/10/1992,0,1,18,-2
USC00369298,2/11/1992,0,1,35,-2
USC00369298,2/12/1992,1,1,34,0
USC00369298,2/13/1992,1,1,21,-1
USC00369298,2/14/1992,1,2,29,20
USC00369298,2/15/1992,0,1,37,20
USC00369298,2/22/1992,1,1,38,27
USC00369298,3/11/1992,2,2,56,15
USC00369298,3/12/1992,5,7,19,12
USC00369298,3/13/1992,0,7,24,12
USC00369298,3/14/1992,0,7,16,12
USC00369298,3/15/1992,0,5,29,9
USC00369298,3/16/1992,1,6,24,0
USC00369298,3/17/1992,1,7,34,0
USC00369298,3/18/1992,0,5,36,13
USC00369298,3/19/1992,2,6,38,14
USC00369298,3/20/1992,0,3,39,17
USC00369298,3/21/1992,0,3,38,17
USC00369298,3/22/1992,1,3,33,20
USC00369298,3/23/1992,5,5,30,15
USC00369298,3/24/1992,0.5,5,30,11
USC00369298,3/25/1992,0,4,40,11
USC00369298,3/26/1992,0,1,53,33
USC00369298,3/27/1992,0,1,44,37
USC00369298,4/2/1992,1,1,38,23
USC00369298,4/3/1992,1,1,32,23
USC00369298,4/4/1992,0.5,1,37,25
USC00369298,12/4/1992,1,1,31,27
USC00369298,12/5/1992,3,4,35,24
USC00369298,12/6/1992,5,8,27,16
USC00369298,12/7/1992,0.5,9,26,21
USC00369298,12/8/1992,0,8,29,25
USC00369298,12/9/1992,0,8,29,26
USC00369298,12/10/1992,1,8,33,26
USC00369298,12/11/1992,10,17,33,25
USC00369298,12/12/1992,4,18,31,29
USC00369298,12/13/1992,0,18,32,20
USC00369298,12/14/1992,0,14,34,19
USC00369298,12/15/1992,0,13,43,18
USC00369298,12/16/1992,0,12,48,24
USC00369298,12/17/1992,0,8,47,36
USC00369298,12/18/1992,0,3,39,32
USC00369298,12/19/1992,0,2,34,29
USC00369298,12/24/1992,1.5,2,37,16
USC00369298,12/25/1992,2,3,15,10
USC00369298,12/26/1992,0,3,31,15
USC00369298,12/27/1992,0.5,3,20,3
USC00369298,12/28/1992,0,3,29,6
USC00369298,12/29/1992,0,1,37,21
USC00369298,1/2/1993,0.5,1,25,21
USC00369298,1/10/1993,0.5,1,24,18
USC00369298,1/11/1993,2.5,3,29,19
USC00369298,1/12/1993,0,2,33,29
USC00369298,1/18/1993,1,1,32,19
USC00369298,1/25/1993,2,2,46,22
USC00369298,1/26/1993,0,2,27,7
USC00369298,1/28/1993,0,1,31,24
USC00369298,1/29/1993,0.5,1,38,21
USC00369298,1/30/1993,0.2,1,21,16
USC00369298,1/31/1993,3,4,33,19
USC00369298,2/1/1993,2,5,34,9
USC00369298,2/2/1993,0,5,11,4
USC00369298,2/3/1993,0,4,27,3
USC00369298,2/4/1993,0,2,41,16
USC00369298,2/12/1993,1,1,36,28
USC00369298,2/13/1993,0,1,32,28
USC00369298,2/14/1993,0.1,1,29,22
USC00369298,2/15/1993,1,3,28,19
USC00369298,2/16/1993,2,3,32,25
USC00369298,2/17/1993,5,6,33,20
USC00369298,2/18/1993,1,7,24,6
USC00369298,2/19/1993,0,7,13,-1
USC00369298,2/20/1993,0,7,18,-2
USC00369298,2/21/1993,0,7,24,-2
USC00369298,2/22/1993,0,6,37,21
USC00369298,2/23/1993,4,10,34,16
USC00369298,2/24/1993,1,11,21,7
USC00369298,2/25/1993,0,9,18,2
USC00369298,2/26/1993,0.5,7,24,4
USC00369298,2/27/1993,0,7,34,5
USC00369298,2/28/1993,0,6,31,5
USC00369298,3/1/1993,0,5,28,5
USC00369298,3/2/1993,0,4,40,17
USC00369298,3/3/1993,0,3,47,23
USC00369298,3/5/1993,4,4,37,29
USC00369298,3/6/1993,2,6,37,29
USC00369298,3/7/1993,0,6,32,18
USC00369298,3/8/1993,0,2,45,18
USC00369298,3/9/1993,0,2,40,18
USC00369298,3/10/1993,0,2,34,15
USC00369298,3/11/1993,3,4,32,15
USC00369298,3/12/1993,0,4,30,11
USC00369298,3/13/1993,0.5,4,32,11
USC00369298,3/14/1993,14,16,18,5
USC00369298,3/15/1993,1,15,18,-4
USC00369298,3/16/1993,0,15,33,-4
USC00369298,3/17/1993,0,10,51,30
USC00369298,3/18/1993,0,9,35,2
USC00369298,3/19/1993,0,8,23,-1
USC00369298,3/20/1993,0,6,39,0
USC00369298,3/21/1993,0,4,43,27
USC00369298,3/22/1993,0,4,36,30
USC00369298,3/23/1993,0,2,43,27
USC00369298,3/24/1993,0,1,41,36
USC00369298,3/25/1993,0,1,58,34
USC00369298,11/2/1993,0,3,34,27
USC00369298,11/3/1993,0,1,42,27
USC00369298,11/21/1993,1,1,29,25
USC00369298,11/30/1993,0.5,1,32,28
USC00369298,12/11/1993,1,1,49,22
USC00369298,12/12/1993,1,1,22,16
USC00369298,12/23/1993,0,2,28,22
USC00369298,12/24/1993,0,2,25,11
USC00369298,12/25/1993,0.5,2,25,19
USC00369298,12/26/1993,2,4,25,7
USC00369298,12/27/1993,1,5,11,-6
USC00369298,12/28/1993,0,4,15,13
USC00369298,12/29/1993,0,4,18,-2
USC00369298,12/30/1993,1,5,24,3
USC00369298,12/31/1993,0,4,15,9
USC00369298,1/1/1994,0.5,4,27,15
USC00369298,1/2/1994,0,3,41,23
USC00369298,1/3/1994,0,3,32,16
USC00369298,1/4/1994,2,4,30,16
USC00369298,1/5/1994,7,11,24,12
USC00369298,1/6/1994,0.5,10,17,6
USC00369298,1/7/1994,3,11,24,12
USC00369298,1/8/1994,2.5,14,26,15
USC00369298,1/9/1994,1,13,18,5
USC00369298,1/10/1994,1,13,18,5
USC00369298,1/11/1994,0.5,13,26,5
USC00369298,1/12/1994,0,12,33,25
USC00369298,1/13/1994,0,10,36,26
USC00369298,1/14/1994,1.5,10,33,19
USC00369298,1/15/1994,1,11,33,0
USC00369298,1/16/1994,0.5,11,3,-7
USC00369298,1/17/1994,2.5,13,17,-8
USC00369298,1/18/1994,1.5,15,30,-2
USC00369298,1/19/1994,0,14,-1,-19
USC00369298,1/20/1994,0,14,-3,-20
USC00369298,1/21/1994,0,14,10,-15
USC00369298,1/22/1994,0,12,16,-1
USC00369298,1/23/1994,0.5,12,24,15
USC00369298,1/24/1994,0,11,37,22
USC00369298,1/25/1994,0,10,35,31
USC00369298,1/26/1994,2,12,34,11
USC00369298,1/27/1994,0,10,22,11
USC00369298,1/28/1994,0,9,38,21
USC00369298,1/29/1994,0,6,47,27
USC00369298,1/30/1994,1,7,29,14
USC00369298,1/31/1994,0,7,22,-1
USC00369298,2/1/1994,1,5,22,-1
USC00369298,2/2/1994,0,5,15,-6
USC00369298,2/3/1994,2,6,25,-6
USC00369298,2/4/1994,0,6,19,8
USC00369298,2/5/1994,0,6,28,11
USC00369298,2/6/1994,0,5,33,9
USC00369298,2/7/1994,0,4,37,9
USC00369298,2/8/1994,2,6,23,10
USC00369298,2/9/1994,2,6,17,9
USC00369298,2/10/1994,0,6,11,-4
USC00369298,2/11/1994,0,6,19,-4
USC00369298,2/12/1994,0,6,27,14
USC00369298,2/13/1994,0,5,38,15
USC00369298,2/14/1994,0,6,32,5
USC00369298,2/15/1994,0,6,26,5
USC00369298,2/16/1994,0,4,45,21
USC00369298,2/17/1994,0,4,37,23
USC00369298,2/18/1994,0,3,50,22
USC00369298,2/19/1994,0,2,58,24
USC00369298,2/20/1994,0,2,63,36
USC00369298,2/21/1994,0,2,59,37
USC00369298,2/22/1994,0,2,42,24
USC00369298,2/23/1994,1.5,3,42,23
USC00369298,2/24/1994,1,3,42,23
USC00369298,2/25/1994,3,6,33,14
USC00369298,2/26/1994,5,9,25,14
USC00369298,2/27/1994,0,9,25,-2
USC00369298,2/28/1994,0,9,17,-2
USC00369298,3/1/1994,0,7,26,-1
USC00369298,3/2/1994,0,6,35,0
USC00369298,3/3/1994,2,8,31,11
USC00369298,3/4/1994,0,7,36,21
USC00369298,3/5/1994,0.5,5,36,25
USC00369298,3/6/1994,0.5,4,35,21
USC00369298,3/7/1994,2,4,40,21
USC00369298,3/8/1994,0,4,46,32
USC00369298,3/9/1994,0,4,37,20
USC00369298,3/10/1994,2,5,34,23
USC00369298,3/11/1994,0,4,30,11
USC00369298,3/12/1994,0,4,35,12
USC00369298,3/13/1994,0,4,42,16
USC00369298,3/14/1994,0,3,40,29
USC00369298,3/15/1994,0,2,44,29
USC00369298,3/16/1994,0.5,2,47,20
USC00369298,3/17/1994,1,2,22,13
USC00369298,3/18/1994,1,3,24,13
USC00369298,3/19/1994,4,8,31,21
USC00369298,3/20/1994,0,5,37,17
USC00369298,3/21/1994,0,3,46,21
USC00369298,3/22/1994,0,2,52,31
USC00369298,3/23/1994,0,1,55,32
USC00369298,3/30/1994,1,1,40,30
USC00369298,11/24/1994,3.5,4,29,17
USC00369298,11/25/1994,0,1,39,23
USC00369298,12/17/1994,1.5,1,41,33
USC00369298,1/1/1995,0,2,42,14
USC00369298,1/2/1995,0,2,22,16
USC00369298,1/3/1995,0,2,22,16
USC00369298,1/6/1995,0,2,17,4
USC00369298,1/7/1995,1.5,2,33,14
USC00369298,1/8/1995,0.5,2,29,20
USC00369298,1/9/1995,0,2,25,20
USC00369298,1/10/1995,0,2,22,12
USC00369298,1/11/1995,0,2,25,14
USC00369298,1/12/1995,0,1,38,25
USC00369298,1/22/1995,2,2,33,22
USC00369298,1/23/1995,0.3,2,25,20
USC00369298,1/24/1995,0.2,2,26,20
USC00369298,1/25/1995,0.5,3,31,25
USC00369298,1/26/1995,0.5,4,31,23
USC00369298,1/27/1995,1,5,27,21
USC00369298,1/28/1995,0,5,29,16
USC00369298,1/29/1995,0,4,28,2
USC00369298,1/30/1995,0,3,37,2
USC00369298,1/31/1995,0,3,33,9
USC00369298,2/4/1995,1.5,2,30,2
USC00369298,2/5/1995,2,3,29,4
USC00369298,2/6/1995,1.5,5,6,1
USC00369298,2/7/1995,2.5,6,11,5
USC00369298,2/8/1995,0,6,18,1
USC00369298,2/9/1995,0,6,18,3
USC00369298,2/10/1995,1,6,25,8
USC00369298,2/11/1995,0,6,34,20
USC00369298,2/12/1995,0,6,23,-3
USC00369298,2/13/1995,0,6,11,-3
USC00369298,2/14/1995,0,6,23,4
USC00369298,2/15/1995,0,5,25,9
USC00369298,2/16/1995,0,3,39,25
USC00369298,2/17/1995,0,3,36,15
USC00369298,2/18/1995,0,3,39,15
USC00369298,2/19/1995,0,2,51,15
USC00369298,2/20/1995,0,1,52,26
USC00369298,2/21/1995,0,1,51,26
USC00369298,2/22/1995,0,1,33,12
USC00369298,2/23/1995,0,1,33,12
USC00369298,2/24/1995,0.5,1,42,23
USC00369298,2/25/1995,0,1,23,14
USC00369298,2/26/1995,1.5,2,31,14
USC00369298,2/27/1995,0.5,3,33,17
USC00369298,2/28/1995,0,1,39,30
USC00369298,3/9/1995,4,4,30,12
USC00369298,3/10/1995,0,4,23,4
USC00369298,3/11/1995,0,2,33,5
USC00369298,3/12/1995,0,1,58,22
USC00369298,4/5/1995,1,1,48,16
USC00369298,4/6/1995,0.5,1,33,15
USC00369298,4/8/1995,0.5,1,43,27
USC00369298,11/9/1995,11,11,32,23
USC00369298,11/10/1995,7,7,36,23
USC00369298,11/12/1995,1,1,57,26
USC00369298,11/13/1995,0,2,30,25
USC00369298,11/14/1995,0.1,1,35,27
USC00369298,11/15/1995,6,6,34,30
USC00369298,11/16/1995,1.5,8,32,27
USC00369298,11/18/1995,1,1,35,29
USC00369298,11/19/1995,0,1,36,32
USC00369298,11/22/1995,5,5,37,28
USC00369298,11/23/1995,0.5,5,31,26
USC00369298,11/24/1995,4,4,35,24
USC00369298,11/25/1995,0,2,30,17
USC00369298,11/26/1995,0,2,36,17
USC00369298,12/8/1995,1,1,27,11
USC00369298,12/9/1995,1,1,29,11
USC00369298,12/10/1995,0,1,32,4
USC00369298,12/11/1995,1,2,10,5
USC00369298,12/12/1995,1,2,13,9
USC00369298,12/13/1995,0,2,13,6
USC00369298,12/14/1995,1,2,29,11
USC00369298,12/15/1995,0,1,39,28
USC00369298,12/18/1995,0,1,33,19
USC00369298,12/19/1995,1.5,2,34,19
USC00369298,12/20/1995,10,11,22,11
USC00369298,12/21/1995,1,12,19,12
USC00369298,12/22/1995,0.5,12,23,17
USC00369298,12/23/1995,2,13,26,19
USC00369298,12/24/1995,0.3,13,27,21
USC00369298,12/25/1995,0.5,13,26,21
USC00369298,12/26/1995,1,14,26,14
USC00369298,12/27/1995,1,15,21,6
USC00369298,12/28/1995,0.3,15,24,6
USC00369298,12/29/1995,0,15,25,19
USC00369298,12/30/1995,0,14,27,9
USC00369298,12/31/1995,0,12,33,9
USC00369298,1/1/1996,0,9,37,22
USC00369298,1/2/1996,0,6,35,27
USC00369298,1/3/1996,9,15,28,16
USC00369298,1/4/1996,2.5,17,18,-2
USC00369298,1/5/1996,0.5,18,17,-2
USC00369298,1/6/1996,0,19,18,-5
USC00369298,1/7/1996,0,19,17,-8
USC00369298,1/8/1996,0,19,17,-8
USC00369298,1/9/1996,0,19,21,8
USC00369298,1/10/1996,3,22,23,13
USC00369298,1/11/1996,0,20,18,-7
USC00369298,1/12/1996,0,20,19,8
USC00369298,1/13/1996,1,20,24,17
USC00369298,1/14/1996,0,20,29,18
USC00369298,1/15/1996,0,18,41,21
USC00369298,1/16/1996,0,17,19,7
USC00369298,1/18/1996,0,17,45,38
USC00369298,1/28/1996,1,1,48,19
USC00369298,1/29/1996,0,1,26,17
USC00369298,1/31/1996,0.5,1,25,9
USC00369298,2/1/1996,0,1,15,-2
USC00369298,2/2/1996,0,1,18,-2
USC00369298,2/3/1996,0,1,10,-4
USC00369298,2/4/1996,0,1,10,-8
USC00369298,2/5/1996,0,1,8,-8
USC00369298,2/6/1996,1,1,15,-2
USC00369298,2/7/1996,0,1,25,5
USC00369298,2/10/1996,0.5,1,36,32
USC00369298,2/11/1996,0,1,51,32
USC00369298,2/12/1996,1,1,35,10
USC00369298,2/13/1996,0.5,2,14,5
USC00369298,2/14/1996,1.5,3,22,5
USC00369298,2/15/1996,0.5,3,31,16
USC00369298,2/16/1996,0,3,27,9
USC00369298,2/17/1996,0,3,21,4
USC00369298,2/18/1996,0.3,4,24,3
USC00369298,2/19/1996,0,4,18,9
USC00369298,2/20/1996,0,2,40,16
USC00369298,2/29/1996,1,1,50,15
USC00369298,3/1/1996,0,1,21,14
USC00369298,3/3/1996,2,2,37,13
USC00369298,3/4/1996,0,2,17,7
USC00369298,3/5/1996,1,3,33,8
USC00369298,3/7/1996,1,1,31,14
USC00369298,3/8/1996,3,4,15,8
USC00369298,3/9/1996,0,4,14,1
USC00369298,3/10/1996,0,3,18,-1
USC00369298,3/11/1996,0,1,36,-1
USC00369298,3/21/1996,0.5,1,39,30
USC00369298,3/22/1996,1,1,30,20
USC00369298,3/23/1996,1,2,30,21
USC00369298,11/3/1996,1.5,2,35,28
USC00369298,11/4/1996,0,1,35,27
USC00369298,11/11/1996,0.5,1,35,28
USC00369298,11/12/1996,7,7,33,27
USC00369298,11/13/1996,1,7,31,23
USC00369298,11/14/1996,1,8,30,14
USC00369298,11/15/1996,0,8,30,14
USC00369298,11/16/1996,0,4,34,15
USC00369298,11/17/1996,0,2,45,24
USC00369298,11/20/1996,1,1,37,28
USC00369298,11/27/1996,1.5,2,33,19
USC00369298,12/10/1996,1,1,35,27
USC00369298,12/22/1996,0.5,1,33,14
USC00369298,12/23/1996,0,1,37,28
USC00369298,12/25/1996,2,2,49,20
USC00369298,12/26/1996,0,2,23,18
USC00369298,1/7/1997,0.5,1,29,19
USC00369298,1/8/1997,2,2,22,19
USC00369298,1/9/1997,0,2,26,17
USC00369298,1/10/1997,1,2,33,20
USC00369298,1/12/1997,0,2,12,5
USC00369298,1/13/1997,0,2,13,6
USC00369298,1/14/1997,0,2,16,8
USC00369298,1/15/1997,0,2,22,7
USC00369298,1/16/1997,0,2,40,6
USC00369298,1/17/1997,2,3,31,-1
USC00369298,1/18/1997,0,3,5,-1
USC00369298,1/19/1997,0,3,8,-9
USC00369298,1/20/1997,0,3,22,-9
USC00369298,1/21/1997,1.5,4,29,17
USC00369298,1/22/1997,0,3,44,17
USC00369298,1/26/1997,2,2,40,16
USC00369298,1/27/1997,0.5,3,21,13
USC00369298,1/28/1997,2,5,34,21
USC00369298,1/29/1997,0,5,25,10
USC00369298,1/30/1997,0,5,19,10
USC00369298,1/31/1997,0,3,33,16
USC00369298,2/1/1997,0,1,39,16
USC00369298,2/2/1997,0,1,35,31
USC00369298,2/3/1997,0,1,43,31
USC00369298,2/8/1997,0,1,31,26
USC00369298,2/9/1997,0,1,30,13
USC00369298,2/12/1997,0,1,30,23
USC00369298,2/13/1997,0.5,2,31,-1
USC00369298,2/14/1997,2.5,3,30,-1
USC00369298,2/15/1997,0,2,35,24
USC00369298,2/16/1997,0.5,2,33,11
USC00369298,2/17/1997,3.5,5,33,7
USC00369298,2/18/1997,0,3,33,5
USC00369298,3/7/1997,5,5,31,17
USC00369298,3/8/1997,0,2,35,16
USC00369298,3/9/1997,0,1,40,22
USC00369298,3/15/1997,0.5,1,43,21
USC00369298,3/16/1997,1,2,25,14
USC00369298,11/14/1997,2,2,37,24
USC00369298,11/16/1997,2.5,5,34,25
USC00369298,11/17/1997,2.5,5,29,22
USC00369298,11/18/1997,0,5,28,15
USC00369298,11/19/1997,0,4,34,19
USC00369298,11/20/1997,0,3,42,28
USC00369298,11/21/1997,0,2,42,33
USC00369298,11/22/1997,0,1,49,33
USC00369298,11/23/1997,0,1,37,35
USC00369298,11/24/1997,0.5,1,39,25
USC00369298,12/5/1997,1.5,2,41,30
USC00369298,12/6/1997,2.5,3,32,24
USC00369298,12/7/1997,5,6,31,23
USC00369298,12/8/1997,0,5,34,31
USC00369298,12/9/1997,0,4,34,24
USC00369298,12/10/1997,0,2,37,24
USC00369298,12/11/1997,1,2,35,24
USC00369298,12/12/1997,0,2,34,29
USC00369298,12/13/1997,0,2,31,26
USC00369298,12/14/1997,0,2,31,28
USC00369298,12/15/1997,0,1,43,23
USC00369298,12/16/1997,0,1,49,25
USC00369298,12/17/1997,0,1,42,24
USC00369298,12/18/1997,0,1,41,26
USC00369298,12/19/1997,0,1,41,26
USC00369298,12/20/1997,0,1,47,33
USC00369298,12/21/1997,0,1,47,27
USC00369298,12/28/1997,1,1,33,25
USC00369298,12/29/1997,0,1,29,23
USC00369298,12/30/1997,1.5,3,36,25
USC00369298,12/31/1997,2,3,30,14
USC00369298,1/1/1998,0.5,3,18,10
USC00369298,1/2/1998,0,3,37,14
USC00369298,1/14/1998,0,1,33,13
USC00369298,1/15/1998,0,1,29,13
USC00369298,1/16/1998,0,1,34,27
USC00369298,1/18/1998,0.5,1,34,28
USC00369298,1/19/1998,1,2,31,24
USC00369298,1/20/1998,0.5,3,29,20
USC00369298,1/21/1998,0,3,29,15
USC00369298,1/22/1998,0,3,28,18
USC00369298,1/23/1998,0.5,2,33,26
USC00369298,1/24/1998,0,2,37,30
USC00369298,1/25/1998,0,1,32,26
USC00369298,1/26/1998,0,1,29,26
USC00369298,1/27/1998,0,1,37,26
USC00369298,3/10/1998,0.5,1,59,20
USC00369298,3/11/1998,0,5,25,14
USC00369298,3/12/1998,1.5,2,21,13
USC00369298,3/13/1998,1.5,4,26,15
USC00369298,3/14/1998,4,6,32,15
USC00369298,3/15/1998,2,7,32,22
USC00369298,3/16/1998,0.5,3,31,14
USC00369298,3/17/1998,0,2,38,13
USC00369298,3/21/1998,1,1,44,32
USC00369298,3/22/1998,1,1,37,25
USC00369298,3/23/1998,0.5,1,31,20
USC00369298,12/17/1998,1.5,1,38,31
USC00369298,12/18/1998,3,4,36,23
USC00369298,12/19/1998,0,2,38,20
USC00369298,12/23/1998,0.5,1,27,9
USC00369298,12/24/1998,0,1,21,9
USC00369298,12/26/1998,0,1,27,12
USC00369298,12/27/1998,0,1,33,16
USC00369298,12/30/1998,1,1,36,12
USC00369298,12/31/1998,0.5,1,16,10
USC00369298,1/1/1999,1.5,2,19,14
USC00369298,1/2/1999,1,3,15,-1
USC00369298,1/3/1999,2.5,4,33,3
USC00369298,1/4/1999,0,4,36,13
USC00369298,1/5/1999,0,4,14,4
USC00369298,1/6/1999,0,4,12,3
USC00369298,1/7/1999,1,5,26,10
USC00369298,1/8/1999,0,5,18,3
USC00369298,1/9/1999,3.5,7,32,7
USC00369298,1/10/1999,2,9,24,12
USC00369298,1/11/1999,0,9,17,6
USC00369298,1/12/1999,2,8,35,6
USC00369298,1/13/1999,0.5,8,35,22
USC00369298,1/14/1999,4.5,13,22,7
USC00369298,1/15/1999,4,17,26,9
USC00369298,1/16/1999,0,14,24,15
USC00369298,1/17/1999,0,13,37,20
USC00369298,1/18/1999,0,12,45,19
USC00369298,1/19/1999,1,11,45,32
USC00369298,1/20/1999,0,10,37,18
USC00369298,1/22/1999,0,9,43,20
USC00369298,1/23/1999,0,6,49,40
USC00369298,1/25/1999,1,1,37,30
USC00369298,1/26/1999,1,2,34,29
USC00369298,1/27/1999,0,1,35,20
USC00369298,2/13/1999,2.5,3,60,19
USC00369298,2/14/1999,0.5,3,24,8
USC00369298,2/15/1999,0,3,33,8
USC00369298,2/21/1999,1,1,31,15
USC00369298,3/2/1999,1,1,33,26
USC00369298,3/4/1999,8,8,44,23
USC00369298,3/5/1999,0,5,27,10
USC00369298,3/6/1999,0,3,33,12
USC00369298,3/7/1999,9,9,33,9
USC00369298,3/8/1999,0,5,20,-5
USC00369298,3/9/1999,0,5,29,-4
USC00369298,3/10/1999,0,5,25,19
USC00369298,3/11/1999,0,2,31,9
USC00369298,3/12/1999,0,2,33,10
USC00369298,3/13/1999,0,2,32,11
USC00369298,3/14/1999,0,1,37,11
USC00369298,3/15/1999,0,1,39,23
USC00369298,3/23/1999,2,2,32,26
USC00369298,11/29/1999,0.5,1,43,31
USC00369298,11/30/1999,5,4,36,20
USC00369298,12/2/1999,0,1,29,11
USC00369298,12/3/1999,0,1,38,20
USC00369298,12/25/1999,1,3,21,9
USC00369298,12/26/1999,0,3,25,13
USC00369298,12/27/1999,3,4,28,21
USC00369298,12/28/1999,1,5,25,16
USC00369298,12/29/1999,2.5,7,23,15
USC00369298,12/30/1999,0,3,32,22
USC00369298,12/31/1999,0,2,37,28
USC00369298,1/12/2000,1,1,39,29
USC00369298,1/13/2000,1,1,34,28
USC00369298,1/14/2000,1,1,29,7
USC00369298,1/15/2000,0.5,3,20,10
USC00369298,1/16/2000,0,1,37,15
USC00369298,1/17/2000,0,1,38,2
USC00369298,1/18/2000,0,1,10,1
USC00369298,1/19/2000,0.5,2,22,6
USC00369298,1/20/2000,2,4,26,20
USC00369298,1/21/2000,2,6,27,4
USC00369298,1/22/2000,1,7,12,-1
USC00369298,1/23/2000,0.5,8,17,2
USC00369298,1/24/2000,0,5,29,16
USC00369298,1/25/2000,0,5,24,3
USC00369298,1/26/2000,0,5,24,3
USC00369298,1/27/2000,0,5,24,1
USC00369298,1/28/2000,0,5,13,1
USC00369298,1/29/2000,0,5,20,-1
USC00369298,1/30/2000,0.2,4,33,-2
USC00369298,1/31/2000,1,5,33,20
USC00369298,2/1/2000,0,5,29,19
USC00369298,2/2/2000,0.5,6,26,17
USC00369298,2/3/2000,0,6,23,15
USC00369298,2/4/2000,4,8,30,22
USC00369298,2/5/2000,1,8,34,10
USC00369298,2/6/2000,5,9,31,10
USC00369298,2/7/2000,0,8,32,21
USC00369298,2/8/2000,0,8,32,-2
USC00369298,2/9/2000,0,7,33,-2
USC00369298,2/10/2000,0,5,48,24
USC00369298,2/11/2000,0,3,49,26
USC00369298,2/12/2000,0,3,36,8
USC00369298,2/13/2000,0,3,30,8
USC00369298,2/14/2000,0,2,33,21
USC00369298,2/15/2000,0,2,34,20
USC00369298,2/16/2000,0,2,36,21
USC00369298,2/17/2000,0,2,40,19
USC00369298,2/18/2000,0,2,31,17
USC00369298,2/19/2000,2,4,29,25
USC00369298,2/20/2000,0.2,4,29,24
USC00369298,2/21/2000,0.3,5,29,24
USC00369298,2/22/2000,0,3,40,27
USC00369298,2/23/2000,0,1,54,30
USC00369298,11/18/2000,1,1,35,29
USC00369298,11/21/2000,2.3,1,34,25
USC00369298,11/22/2000,5,6,28,17
USC00369298,11/23/2000,2,7,23,9
USC00369298,11/24/2000,0,7,25,9
USC00369298,11/25/2000,0,5,35,19
USC00369298,11/30/2000,1,1,40,31
USC00369298,12/1/2000,0,1,35,27
USC00369298,12/2/2000,0,1,31,20
USC00369298,12/5/2000,1,1,38,9
USC00369298,12/6/2000,2,3,32,14
USC00369298,12/7/2000,1,3,21,14
USC00369298,12/8/2000,2,5,24,19
USC00369298,12/9/2000,1,6,31,21
USC00369298,12/10/2000,0,4,28,17
USC00369298,12/11/2000,0,3,36,23
USC00369298,12/12/2000,0,3,47,24
USC00369298,12/13/2000,3,4,24,9
USC00369298,12/14/2000,3,6,33,9
USC00369298,12/15/2000,0,5,35,27
USC00369298,12/16/2000,0,4,32,27
USC00369298,12/17/2000,0,1,50,32
USC00369298,12/18/2000,1,1,46,12
USC00369298,12/19/2000,1.5,2,23,12
USC00369298,12/20/2000,0,2,29,11
USC00369298,12/21/2000,0,2,22,11
USC00369298,12/22/2000,0,2,27,12
USC00369298,12/23/2000,0,2,12,4
USC00369298,12/24/2000,0.5,2,19,8
USC00369298,12/25/2000,2,4,23,9
USC00369298,12/26/2000,0.5,3,15,10
USC00369298,12/27/2000,0.5,3,19,14
USC00369298,12/28/2000,2,5,23,6
USC00369298,12/29/2000,0,3,17,3
USC00369298,12/30/2000,0,2,25,4
USC00369298,12/31/2000,2,5,22,15
USC00369298,1/1/2001,0.5,6,22,15
USC00369298,1/2/2001,0,6,26,10
USC00369298,1/3/2001,0,5,22,7
USC00369298,1/4/2001,1,5,25,15
USC00369298,1/5/2001,0.5,6,27,22
USC00369298,1/6/2001,4,8,32,23
USC00369298,1/7/2001,0,8,31,24
USC00369298,1/8/2001,0,8,36,30
USC00369298,1/9/2001,0,8,30,9
USC00369298,1/10/2001,0,8,23,11
USC00369298,1/11/2001,0,5,37,21
USC00369298,1/12/2001,0,3,38,12
USC00369298,1/13/2001,0,2,41,11
USC00369298,1/14/2001,0,2,43,18
USC00369298,1/15/2001,0,2,40,21
USC00369298,1/16/2001,0,2,42,32
USC00369298,1/17/2001,0,2,34,31
USC00369298,1/18/2001,0.2,3,31,29
USC00369298,1/19/2001,0.2,3,38,29
USC00369298,1/20/2001,0.2,3,32,19
USC00369298,1/21/2001,0,2,27,13
USC00369298,1/22/2001,0,2,28,15
USC00369298,1/23/2001,0,2,27,18
USC00369298,1/24/2001,0,2,38,17
USC00369298,1/25/2001,0,1,33,20
USC00369298,1/26/2001,0,1,24,19
USC00369298,1/28/2001,3,6,29,18
USC00369298,1/29/2001,0,6,24,13
USC00369298,1/30/2001,0,4,37,13
USC00369298,2/1/2001,0,1,36,33
USC00369298,2/2/2001,0,1,35,31
USC00369298,2/3/2001,4,5,33,16
USC00369298,2/4/2001,0,5,24,15
USC00369298,2/5/2001,0,1,37,24
USC00369298,2/6/2001,0,1,37,30
USC00369298,2/7/2001,0,1,34,29
USC00369298,2/8/2001,0,1,32,24
USC00369298,2/9/2001,0,1,49,31
USC00369298,2/18/2001,0,2,20,13
USC00369298,2/19/2001,0,1,25,15
USC00369298,2/20/2001,0,1,44,20
USC00369298,2/23/2001,1,1,26,9
USC00369298,2/24/2001,2,2,30,11
USC00369298,2/25/2001,0,1,37,12
USC00369298,3/2/2001,1,1,31,20
USC00369298,3/5/2001,4.5,5,36,28
USC00369298,3/6/2001,1,5,29,11
USC00369298,3/7/2001,1,6,28,21
USC00369298,3/8/2001,0,5,36,25
USC00369298,3/9/2001,1,4,36,25
USC00369298,3/10/2001,0,4,34,14
USC00369298,3/11/2001,0.4,4,35,17
USC00369298,3/12/2001,1.5,5,34,10
USC00369298,3/13/2001,0,1,48,11
USC00369298,3/25/2001,1.5,1,36,21
USC00369298,3/26/2001,5,5,30,17
USC00369298,3/27/2001,2,5,26,15
USC00369298,3/28/2001,0,2,31,15
USC00369298,10/27/2001,0.5,1,41,33
USC00369298,12/20/2001,0.5,1,48,30
USC00369298,12/21/2001,5,5,32,29
USC00369298,12/22/2001,0,2,33,25
USC00369298,12/27/2001,1,1,23,16
USC00369298,12/28/2001,1,1,25,16
USC00369298,12/29/2001,0,1,28,19
USC00369298,12/30/2001,0,1,25,14
USC00369298,12/31/2001,0,1,21,14
USC00369298,1/1/2002,0,1,21,16
USC00369298,1/2/2002,0,1,26,14
USC00369298,1/3/2002,0,1,27,17
USC00369298,1/4/2002,0,1,29,23
USC00369298,1/5/2002,0,1,33,23
USC00369298,1/7/2002,3,3,33,29
USC00369298,1/8/2002,1,3,29,21
USC00369298,1/9/2002,0,2,31,21
USC00369298,1/10/2002,0,1,42,31
USC00369298,1/13/2002,1,1,42,29
USC00369298,1/14/2002,1,2,32,24
USC00369298,1/16/2002,1,1,35,28
USC00369298,1/17/2002,1,1,35,27
USC00369298,1/18/2002,0,1,35,22
USC00369298,1/19/2002,0.3,1,28,14
USC00369298,1/20/2002,3.5,5,27,12
USC00369298,1/21/2002,0.5,2,33,15
USC00369298,1/22/2002,0,1,36,29
USC00369298,2/4/2002,0.5,1,36,22
USC00369298,2/5/2002,1,2,27,10
USC00369298,2/6/2002,0,1,32,15
USC00369298,2/11/2002,0.5,1,51,18
USC00369298,2/13/2002,1,1,37,20
USC00369298,2/14/2002,0,1,25,11
USC00369298,2/27/2002,0.5,1,52,19
USC00369298,2/28/2002,1,1,25,19
USC00369298,3/1/2002,0,1,28,19
USC00369298,3/11/2002,2,2,26,17
USC00369298,3/25/2002,2,2,42,24
USC00369298,3/26/2002,3.3,3,33,26
USC00369298,4/6/2002,3,3,37,23
USC00369298,11/2/2002,4,3,37,30
USC00369298,11/23/2002,1,1,43,28
USC00369298,11/27/2002,2.5,1,37,27
USC00369298,11/29/2002,0,1,29,22
USC00369298,12/1/2002,9,9,38,20
USC00369298,12/2/2002,1,10,28,19
USC00369298,12/3/2002,2.5,5,29,2
USC00369298,12/4/2002,0,5,19,1
USC00369298,12/5/2002,0,3,25,9
USC00369298,12/6/2002,1.5,4,28,21
USC00369298,12/7/2002,0,3,26,18
USC00369298,12/8/2002,0,3,36,20
USC00369298,12/9/2002,1,3,33,6
USC00369298,12/10/2002,0,3,27,5
USC00369298,12/11/2002,0,2,37,8
USC00369298,12/12/2002,0.2,2,34,20
USC00369298,12/13/2002,0,2,34,33
USC00369298,12/14/2002,0.8,1,36,32
USC00369298,12/15/2002,1,1,35,33
USC00369298,12/16/2002,1,2,37,27
USC00369298,12/17/2002,0,1,27,10
USC00369298,12/18/2002,0,1,31,11
USC00369298,12/19/2002,0,1,34,26
USC00369298,12/25/2002,1.8,2,30,26
USC00369298,12/26/2002,5,7,30,25
USC00369298,12/27/2002,0,7,30,21
USC00369298,12/28/2002,0,7,28,18
USC00369298,12/29/2002,0.2,4,32,18
USC00369298,12/30/2002,0,4,35,24
USC00369298,12/31/2002,0,1,41,26
USC00369298,1/3/2003,1,1,34,22
USC00369298,1/4/2003,3,3,32,26
USC00369298,1/5/2003,0,3,29,24
USC00369298,1/6/2003,0.5,3,29,24
USC00369298,1/7/2003,2,4,30,13
USC00369298,1/8/2003,0.2,4,34,17
USC00369298,1/9/2003,0,1,40,34
USC00369298,1/10/2003,1,1,42,22
USC00369298,1/11/2003,2,3,24,15
USC00369298,1/12/2003,1.5,5,21,16
USC00369298,1/13/2003,1,3,24,15
USC00369298,1/14/2003,0.5,3,26,15
USC00369298,1/15/2003,0.5,3,22,14
USC00369298,1/16/2003,2,5,17,13
USC00369298,1/17/2003,0.7,4,20,14
USC00369298,1/18/2003,0,4,16,0
USC00369298,1/19/2003,0.3,4,19,1
USC00369298,1/20/2003,2,6,20,12
USC00369298,1/21/2003,0,6,16,7
USC00369298,1/22/2003,0,6,17,4
USC00369298,1/23/2003,0,7,13,-5
USC00369298,1/24/2003,1,8,10,-3
USC00369298,1/25/2003,0,7,18,-1
USC00369298,1/26/2003,0.5,7,22,14
USC00369298,1/27/2003,1.5,8,24,-2
USC00369298,1/28/2003,0,8,12,-3
USC00369298,1/29/2003,1.5,9,26,12
USC00369298,1/30/2003,0,9,27,2
USC00369298,1/31/2003,0,8,31,2
USC00369298,2/1/2003,0.3,7,38,8
USC00369298,2/2/2003,0,5,36,32
USC00369298,2/3/2003,0,5,35,25
USC00369298,2/4/2003,0,3,46,28
USC00369298,2/5/2003,3,3,46,15
USC00369298,2/6/2003,0,3,19,10
USC00369298,2/7/2003,1,4,30,10
USC00369298,2/8/2003,0.5,5,26,11
USC00369298,2/9/2003,0,4,24,12
USC00369298,2/10/2003,0.5,5,28,19
USC00369298,2/11/2003,1,6,31,1
USC00369298,2/12/2003,3,9,24,2
USC00369298,2/13/2003,1,10,17,5
USC00369298,2/14/2003,1,7,14,4
USC00369298,2/15/2003,0,5,27,5
USC00369298,2/16/2003,0,5,19,6
USC00369298,2/17/2003,2,7,20,6
USC00369298,2/18/2003,4,10,29,20
USC00369298,2/19/2003,0,9,30,21
USC00369298,2/20/2003,0,8,37,21
USC00369298,2/21/2003,0,7,43,18
USC00369298,2/22/2003,0,5,46,17
USC00369298,2/23/2003,0,3,42,30
USC00369298,2/24/2003,2,4,30,11
USC00369298,2/25/2003,5,9,27,10
USC00369298,2/26/2003,0,8,19,1
USC00369298,2/27/2003,0,6,30,1
USC00369298,2/28/2003,0,5,34,17
USC00369298,3/1/2003,0,5,36,24
USC00369298,3/2/2003,0,3,38,27
USC00369298,3/3/2003,0.1,3,35,-2
USC00369298,3/4/2003,1,4,19,-2
USC00369298,3/5/2003,0,3,46,19
USC00369298,3/6/2003,0,3,43,22
USC00369298,3/7/2003,2,5,26,7
USC00369298,3/8/2003,0,3,40,7
USC00369298,3/14/2003,3,1,35,15
USC00369298,4/8/2003,2,1,33,30
USC00369298,11/14/2003,6,6,52,28
USC00369298,11/15/2003,0,3,39,29
USC00369298,11/29/2003,3,3,49,31
USC00369298,11/30/2003,1,4,33,29
USC00369298,12/2/2003,4,4,37,25
USC00369298,12/3/2003,1,2,37,16
USC00369298,12/4/2003,0,2,32,15
USC00369298,12/5/2003,0,1,34,15
USC00369298,12/6/2003,0.5,2,35,23
USC00369298,12/7/2003,0,2,30,19
USC00369298,12/8/2003,0,2,29,15
USC00369298,12/13/2003,1,1,29,19
USC00369298,12/14/2003,0,1,27,18
USC00369298,12/15/2003,3,3,31,24
USC00369298,12/16/2003,0,3,31,24
USC00369298,12/18/2003,5.5,6,31,24
USC00369298,12/19/2003,2,6,29,24
USC00369298,12/20/2003,1,6,29,23
USC00369298,12/21/2003,0,4,27,21
USC00369298,12/22/2003,0,2,37,22
USC00369298,1/5/2004,1,1,37,31
USC00369298,1/6/2004,1,2,37,24
USC00369298,1/7/2004,2,4,25,9
USC00369298,1/8/2004,3.5,8,18,10
USC00369298,1/9/2004,0.5,4,25,9
USC00369298,1/10/2004,0,4,11,-9
USC00369298,1/11/2004,0,4,13,-8
USC00369298,1/12/2004,0.5,4,33,13
USC00369298,1/13/2004,0,3,34,30
USC00369298,1/14/2004,1,5,31,7
USC00369298,1/15/2004,5,9,17,4
USC00369298,1/16/2004,1,10,9,-5
USC00369298,1/17/2004,0,9,14,-5
USC00369298,1/18/2004,2,7,31,5
USC00369298,1/19/2004,2.5,8,30,17
USC00369298,1/20/2004,2,9,20,16
USC00369298,1/21/2004,0.5,10,17,12
USC00369298,1/22/2004,0,10,30,9
USC00369298,1/23/2004,0,9,29,1
USC00369298,1/24/2004,0.5,9,10,1
USC00369298,1/25/2004,0.8,9,15,-4
USC00369298,1/26/2004,0,8,17,-2
USC00369298,1/27/2004,0.5,9,23,15
USC00369298,1/28/2004,0.8,11,28,17
USC00369298,1/29/2004,1.5,13,28,12
USC00369298,1/30/2004,0.1,12,14,6
USC00369298,1/31/2004,0,12,12,6
USC00369298,2/1/2004,1,12,16,7
USC00369298,2/2/2004,0,11,27,8
USC00369298,2/3/2004,2,12,43,9
USC00369298,2/4/2004,3.5,15,33,26
USC00369298,2/5/2004,0,14,27,5
USC00369298,2/6/2004,0.5,9,34,7
USC00369298,2/7/2004,0,12,38,29
USC00369298,2/8/2004,1.7,13,29,3
USC00369298,2/9/2004,0,12,29,5
USC00369298,2/10/2004,0,12,36,21
USC00369298,2/11/2004,1.6,12,35,19
USC00369298,2/12/2004,0,12,28,15
USC00369298,2/13/2004,0,12,35,17
USC00369298,2/14/2004,0,11,33,21
USC00369298,2/15/2004,0,11,29,
USC00369298,2/16/2004,0,11,18,-7
USC00369298,2/17/2004,0,11,26,-6
USC00369298,2/18/2004,0,9,35,4
USC00369298,2/19/2004,0,9,34,10
USC00369298,2/20/2004,0,9,42,31
USC00369298,2/21/2004,0,6,54,34
USC00369298,2/22/2004,1,7,35,28
USC00369298,2/23/2004,0,6,37,18
USC00369298,2/24/2004,1,6,39,19
USC00369298,2/25/2004,0,5,33,12
USC00369298,2/26/2004,0,5,35,12
USC00369298,2/27/2004,0,3,42,15
USC00369298,2/28/2004,0,3,45,18
USC00369298,2/29/2004,0,3,52,18
USC00369298,3/12/2004,1.5,2,45,22
USC00369298,3/13/2004,3,3,27,19
USC00369298,3/16/2004,2.5,2,42,25
USC00369298,3/17/2004,9,9,27,21
USC00369298,3/18/2004,0.5,5,28,17
USC00369298,3/19/2004,0.5,2,36,19
USC00369298,3/20/2004,0,2,41,25
USC00369298,3/21/2004,0,2,44,29
USC00369298,3/22/2004,0.5,2,30,10
USC00369298,3/23/2004,0,1,28,12
USC00369298,11/9/2004,1,1,42,28
USC00369298,12/13/2004,2,2,37,31
USC00369298,12/14/2004,4,6,31,20
USC00369298,12/15/2004,2,6,25,18
USC00369298,12/16/2004,0,4,25,20
USC00369298,12/17/2004,1,3,38,20
USC00369298,12/18/2004,0,2,28,16
USC00369298,12/19/2004,1.5,3,39,22
USC00369298,12/20/2004,1,4,22,-4
USC00369298,12/21/2004,0,2,18,-5
USC00369298,12/22/2004,0,1,40,18
USC00369298,12/24/2004,2,2,52,18
USC00369298,12/25/2004,0,2,21,5
USC00369298,12/26/2004,0,2,19,5
USC00369298,12/27/2004,0,2,27,12
USC00369298,12/28/2004,0,2,20,9
USC00369298,12/29/2004,0,1,38,14
USC00369298,1/5/2005,1.5,1,38,30
USC00369298,1/6/2005,5,5,33,26
USC00369298,1/7/2005,0,2,40,26
USC00369298,1/8/2005,0,1,34,26
USC00369298,1/9/2005,0.5,1,34,30
USC00369298,1/10/2005,0,1,38,31
USC00369298,1/12/2005,3,1,39,31
USC00369298,1/17/2005,3,3,22,12
USC00369298,1/18/2005,1,3,15,2
USC00369298,1/19/2005,0,3,17,0
USC00369298,1/20/2005,4,6,26,15
USC00369298,1/21/2005,0,4,19,-2
USC00369298,1/22/2005,0,4,12,-3
USC00369298,1/23/2005,5.5,7,14,4
USC00369298,1/24/2005,0,7,10,-6
USC00369298,1/25/2005,1.5,8,22,-1
USC00369298,1/26/2005,0,8,32,22
USC00369298,1/27/2005,0,7,32,6
USC00369298,1/28/2005,0,7,14,-9
USC00369298,1/29/2005,0,7,29,-9
USC00369298,1/30/2005,0,7,34,11
USC00369298,1/31/2005,0,6,37,8
USC00369298,2/1/2005,0,6,39,8
USC00369298,2/2/2005,0,4,37,9
USC00369298,2/3/2005,0,4,44,8
USC00369298,2/4/2005,2,3,34,17
USC00369298,2/5/2005,0,3,40,17
USC00369298,2/6/2005,0,2,49,18
USC00369298,2/7/2005,0,2,55,24
USC00369298,2/8/2005,0,2,54,36
USC00369298,2/11/2005,0.7,1,25,13
USC00369298,2/12/2005,1,2,30,15
USC00369298,2/16/2005,1,1,57,33
USC00369298,2/18/2005,2.3,2,28,12
USC00369298,2/19/2005,2,2,19,12
USC00369298,2/20/2005,1,2,28,12
USC00369298,2/21/2005,4,5,36,18
USC00369298,2/22/2005,0,3,37,31
USC00369298,2/23/2005,1.5,5,35,24
USC00369298,2/24/2005,0,4,29,13
USC00369298,2/25/2005,2,4,29,13
USC00369298,2/26/2005,1,5,31,15
USC00369298,2/27/2005,0,4,31,5
USC00369298,2/28/2005,0,3,37,5
USC00369298,3/1/2005,3,5,34,27
USC00369298,3/2/2005,3,8,31,19
USC00369298,3/3/2005,2,10,22,15
USC00369298,3/4/2005,0,10,25,9
USC00369298,3/5/2005,0,9,32,6
USC00369298,3/6/2005,0,7,35,6
USC00369298,3/7/2005,0,6,42,22
USC00369298,3/8/2005,0,4,53,13
USC00369298,3/9/2005,1,3,18,11
USC00369298,3/10/2005,1,2,21,4
USC00369298,3/11/2005,0,2,28,4
USC00369298,3/12/2005,0.5,3,32,19
USC00369298,3/13/2005,1.5,3,35,20
USC00369298,3/14/2005,0,3,31,5
USC00369298,3/15/2005,0,2,32,6
USC00369298,3/16/2005,0,2,37,6
USC00369298,3/17/2005,0,1,38,6
USC00369298,3/24/2005,1.5,1,36,30
USC00369298,4/3/2005,3,3,42,31
USC00369298,4/4/2005,3,5,35,28
USC00369298,11/23/2005,0.5,1,37,21
USC00369298,11/24/2005,3.5,4,37,22
USC00369298,11/25/2005,3.5,3,31,13
USC00369298,11/26/2005,1.5,5,25,14
USC00369298,11/27/2005,0,4,36,21
USC00369298,12/2/2005,2.5,2,33,28
USC00369298,12/3/2005,11,11,28,20
USC00369298,12/4/2005,2.5,9,25,20
USC00369298,12/5/2005,0,8,30,21
USC00369298,12/6/2005,0,5,29,15
USC00369298,12/7/2005,1.5,6,25,18
USC00369298,12/8/2005,3,7,22,14
USC00369298,12/9/2005,1.5,9,31,12
USC00369298,12/10/2005,1,6,26,16
USC00369298,12/11/2005,0,5,30,21
USC00369298,12/12/2005,3,7,31,21
USC00369298,12/13/2005,0,4,24,4
USC00369298,12/14/2005,0,4,23,1
USC00369298,12/15/2005,0,3,21,3
USC00369298,12/16/2005,3,7,29,18
USC00369298,12/17/2005,0,7,33,24
USC00369298,12/18/2005,0,6,31,10
USC00369298,12/19/2005,1,7,32,13
USC00369298,12/20/2005,0,6,21,9
USC00369298,12/21/2005,1,7,20,8
USC00369298,12/22/2005,0.5,6,25,20
USC00369298,12/23/2005,0,5,33,22
USC00369298,12/24/2005,0,3,42,22
USC00369298,12/25/2005,0,2,49,27
USC00369298,1/7/2006,2,2,27,20
USC00369298,1/8/2006,1,2,31,21
USC00369298,1/25/2006,1,1,41,24
USC00369298,1/26/2006,4,5,29,18
USC00369298,1/27/2006,0,5,24,9
USC00369298,2/6/2006,5,5,33,22
USC00369298,2/7/2006,1,5,28,23
USC00369298,2/8/2006,0.5,5,29,20
USC00369298,2/9/2006,0,3,27,10
USC00369298,2/10/2006,2,5,27,10
USC00369298,2/11/2006,0,5,31,20
USC00369298,2/13/2006,1,1,26,14
USC00369298,2/14/2006,1,3,28,21
USC00369298,2/15/2006,0,1,42,27
USC00369298,2/18/2006,0.5,1,34,13
USC00369298,2/19/2006,1,1,14,5
USC00369298,2/20/2006,0,1,20,5
USC00369298,2/24/2006,1,1,42,20
USC00369298,2/27/2006,1,1,44,15
USC00369298,2/28/2006,1,2,25,6
USC00369298,3/3/2006,2,2,30,17
USC00369298,3/4/2006,0.3,1,30,16
USC00369298,3/5/2006,0,1,32,21
USC00369298,3/15/2006,5,5,35,24
USC00369298,3/20/2006,1,1,32,21
USC00369298,4/5/2006,2.5,2,46,25
USC00369298,8/5/2006,0,1,82,61
USC00369298,8/12/2006,0,1,75,49
USC00369298,8/20/2006,0,1,71,66
USC00369298,10/8/2006,0,1,65,35
USC00369298,11/3/2006,4,4,41,28
USC00369298,12/4/2006,1,1,37,21
USC00369298,12/5/2006,1,2,25,21
USC00369298,12/6/2006,0,1,32,22
USC00369298,12/7/2006,1,1,44,30
USC00369298,12/8/2006,3,3,30,14
USC00369298,12/9/2006,0,3,25,16
USC00369298,12/10/2006,0,1,35,19
USC00369298,12/27/2006,0.5,1,37,30
USC00369298,1/10/2007,5,5,33,20
USC00369298,1/11/2007,0,4,24,15
USC00369298,1/12/2007,0,2,42,18
USC00369298,1/17/2007,1.1,1,27,15
USC00369298,1/19/2007,1,1,36,21
USC00369298,1/20/2007,8,9,29,18
USC00369298,1/21/2007,1,6,22,9
USC00369298,1/22/2007,0,5,24,10
USC00369298,1/23/2007,1,6,29,24
USC00369298,1/24/2007,1,6,29,24
USC00369298,1/25/2007,2,7,31,16
USC00369298,1/26/2007,1,8,18,-1
USC00369298,1/27/2007,1,9,32,3
USC00369298,1/28/2007,0,5,35,27
USC00369298,1/29/2007,0.5,5,28,9
USC00369298,1/30/2007,1,5,21,10
USC00369298,1/31/2007,2,7,25,11
USC00369298,2/1/2007,0,6,21,11
USC00369298,2/2/2007,0,5,29,14
USC00369298,2/3/2007,2,7,29,5
USC00369298,2/4/2007,0,7,19,1
USC00369298,2/5/2007,0,7,8,-2
USC00369298,2/6/2007,0,6,7,-2
USC00369298,2/7/2007,0,6,9,-3
USC00369298,2/8/2007,0,6,14,4
USC00369298,2/9/2007,0,6,18,7
USC00369298,2/10/2007,0,6,20,11
USC00369298,2/11/2007,0,6,19,11
USC00369298,2/12/2007,0,5,23,11
USC00369298,2/13/2007,0,5,29,14
USC00369298,2/14/2007,7,12,17,10
USC00369298,2/15/2007,1,12,15,-6
USC00369298,2/16/2007,0.5,13,13,-6
USC00369298,2/17/2007,0,12,20,4
USC00369298,2/18/2007,1.8,12,25,6
USC00369298,2/19/2007,0,12,20,-3
USC00369298,2/20/2007,0,10,35,-3
USC00369298,2/21/2007,0,10,44,27
USC00369298,2/22/2007,0,8,41,26
USC00369298,2/23/2007,0.5,8,34,15
USC00369298,2/24/2007,0,8,21,3
USC00369298,2/25/2007,0,10,31,3
USC00369298,2/26/2007,0.1,9,36,25
USC00369298,2/27/2007,0,7,34,31
USC00369298,2/28/2007,0,7,35,30
USC00369298,3/1/2007,0,7,35,29
USC00369298,3/2/2007,0,3,43,35
USC00369298,3/3/2007,0,2,46,27
USC00369298,3/4/2007,1,4,37,22
USC00369298,3/5/2007,1,5,37,22
USC00369298,3/6/2007,1,6,28,0
USC00369298,3/7/2007,1,7,13,-4
USC00369298,3/8/2007,0,4,23,2
USC00369298,3/9/2007,0,4,26,2
USC00369298,3/10/2007,0,3,49,12
USC00369298,3/11/2007,0,2,52,24
USC00369298,3/12/2007,0,2,41,22
USC00369298,3/13/2007,0,2,49,22
USC00369298,3/17/2007,6,6,26,18
USC00369298,3/18/2007,1,4,29,13
USC00369298,3/19/2007,0,3,32,13
USC00369298,3/20/2007,3,3,37,15
USC00369298,3/21/2007,0,1,36,18
USC00369298,4/5/2007,2,2,53,23
USC00369298,4/6/2007,2.5,4,25,21
USC00369298,4/8/2007,1.5,2,28,20
USC00369298,4/9/2007,2,3,30,24
USC00369298,12/2/2007,1,1,29,21
USC00369298,12/4/2007,8.5,8,34,23
USC00369298,12/5/2007,5,13,25,21
USC00369298,12/6/2007,0,9,24,9
USC00369298,12/7/2007,0,5,26,14
USC00369298,12/8/2007,0,5,32,23
USC00369298,12/9/2007,0,3,36,23
USC00369298,12/10/2007,0,1,33,28
USC00369298,12/11/2007,0,1,34,32
USC00369298,12/13/2007,0.5,1,36,27
USC00369298,12/14/2007,2,2,35,29
USC00369298,12/15/2007,0,2,32,20
USC00369298,12/16/2007,2.5,3,34,19
USC00369298,12/17/2007,1,3,35,18
USC00369298,12/18/2007,3,6,27,15
USC00369298,12/19/2007,0,5,33,16
USC00369298,12/20/2007,0,3,36,31
USC00369298,12/21/2007,0,2,34,25
USC00369298,12/22/2007,0,2,40,28
USC00369298,12/23/2007,0,1,46,36
USC00369298,12/31/2007,0.5,1,35,26
USC00369298,1/1/2008,1,1,37,26
USC00369298,1/2/2008,4,5,35,18
USC00369298,1/3/2008,1.5,5,18,8
USC00369298,1/4/2008,0,4,21,12
USC00369298,1/5/2008,0,2,30,14
USC00369298,1/6/2008,0,1,38,30
USC00369298,1/20/2008,1.5,2,27,7
USC00369298,1/21/2008,0.5,2,13,6
USC00369298,1/22/2008,0,1,26,6
USC00369298,1/23/2008,2,3,31,14
USC00369298,1/24/2008,0,2,23,13
USC00369298,1/25/2008,0,2,23,14
USC00369298,1/26/2008,0,1,23,14
USC00369298,1/27/2008,1,2,25,15
USC00369298,1/28/2008,0,2,32,20
USC00369298,1/29/2008,0,2,38,23
USC00369298,2/1/2008,0.7,1,32,14
USC00369298,2/10/2008,1,1,39,26
USC00369298,2/11/2008,4,4,39,0
USC00369298,2/12/2008,0,4,30,0
USC00369298,2/13/2008,6,6,31,9
USC00369298,2/14/2008,1.5,6,27,11
USC00369298,2/15/2008,0,5,29,15
USC00369298,2/16/2008,0,5,31,11
USC00369298,2/17/2008,0,4,32,11
USC00369298,2/19/2008,2,2,40,18
USC00369298,2/20/2008,1,2,22,9
USC00369298,2/21/2008,0,2,20,2
USC00369298,2/22/2008,2,2,25,2
USC00369298,2/23/2008,1,3,30,21
USC00369298,2/24/2008,0,3,31,9
USC00369298,2/25/2008,0,2,39,9
USC00369298,2/26/2008,0.5,2,33,19
USC00369298,2/27/2008,3.5,4,33,17
USC00369298,2/28/2008,0,4,18,9
USC00369298,2/29/2008,0,4,19,2
USC00369298,3/1/2008,5,8,33,2
USC00369298,3/2/2008,0,6,30,22
USC00369298,3/3/2008,0,5,42,23
USC00369298,3/8/2008,4,4,33,26
USC00369298,3/9/2008,1,5,31,4
USC00369298,3/10/2008,1,5,32,15
USC00369298,3/11/2008,1,2,40,19
USC00369298,3/12/2008,0,1,40,19
USC00369298,11/11/2008,0.5,1,33,30
USC00369298,11/17/2008,2,2,36,29
USC00369298,11/18/2008,1.5,2,34,22
USC00369298,11/19/2008,2,3,27,17
USC00369298,11/20/2008,1,4,29,17
USC00369298,11/21/2008,12,12,33,19
USC00369298,11/22/2008,5,12,25,17
USC00369298,11/23/2008,1.5,11,25,18
USC00369298,11/24/2008,0,6,34,19
USC00369298,11/25/2008,0,4,37,22
USC00369298,11/26/2008,1,5,35,32
USC00369298,11/27/2008,1,5,32,31
USC00369298,11/28/2008,0,4,37,30
USC00369298,11/29/2008,0.5,4,37,31
USC00369298,11/30/2008,0,3,38,20
USC00369298,12/1/2008,0,1,39,26
USC00369298,12/2/2008,0,1,37,30
USC00369298,12/5/2008,1.5,2,37,22
USC00369298,12/6/2008,0,1,25,17
USC00369298,12/7/2008,1.5,2,26,16
USC00369298,12/8/2008,1.5,3,21,9
USC00369298,12/9/2008,0,2,32,15
USC00369298,12/13/2008,1,1,31,19
USC00369298,12/20/2008,3,3,37,14
USC00369298,12/21/2008,0,2,25,14
USC00369298,12/22/2008,1,2,30,1
USC00369298,12/23/2008,2.5,5,16,5
USC00369298,12/24/2008,1.5,3,35,10
USC00369298,12/25/2008,0,1,52,27
USC00369298,12/26/2008,0,1,28,24
USC00369298,12/29/2008,1,1,62,31
USC00369298,12/31/2008,1,1,34,22
USC00369298,1/1/2009,1,2,22,11
USC00369298,1/2/2009,0,1,30,8
USC00369298,1/8/2009,1,1,36,22
USC00369298,1/9/2009,4.5,5,24,14
USC00369298,1/10/2009,1,5,24,20
USC00369298,1/11/2009,5,8,24,20
USC00369298,1/12/2009,0,8,23,13
USC00369298,1/13/2009,0,7,29,16
USC00369298,1/14/2009,3,9,32,8
USC00369298,1/15/2009,1,9,13,-4
USC00369298,1/16/2009,0,9,13,-4
USC00369298,1/17/2009,0,9,5,-7
USC00369298,1/18/2009,3,10,21,-8
USC00369298,1/19/2009,1.5,10,29,6
USC00369298,1/20/2009,2,11,18,4
USC00369298,1/21/2009,0,11,19,2
USC00369298,1/22/2009,0,11,21,2
USC00369298,1/23/2009,0,7,35,21
USC00369298,1/24/2009,0,6,46,17
USC00369298,1/25/2009,0.5,6,17,2
USC00369298,1/26/2009,0,6,17,2
USC00369298,1/27/2009,0.5,7,22,8
USC00369298,1/28/2009,3.5,8,26,14
USC00369298,1/29/2009,6,10,31,16
USC00369298,1/30/2009,0.5,6,24,16
USC00369298,1/31/2009,1,6,24,11
USC00369298,2/1/2009,0,6,28,11
USC00369298,2/2/2009,0,5,43,26
USC00369298,2/3/2009,0,5,35,11
USC00369298,2/4/2009,1.5,6,27,9
USC00369298,2/5/2009,1,6,22,-7
USC00369298,2/6/2009,0,5,16,-8
USC00369298,2/7/2009,0,5,36,10
USC00369298,2/8/2009,0,3,51,28
USC00369298,2/9/2009,0,2,38,21
USC00369298,2/10/2009,0,1,43,22
USC00369298,2/13/2009,1.1,1,36,30
USC00369298,2/15/2009,1.5,2,28,20
USC00369298,2/20/2009,1,1,31,12
USC00369298,2/21/2009,1,2,23,14
USC00369298,2/22/2009,1.5,2,36,13
USC00369298,2/23/2009,1.5,3,28,18
USC00369298,2/24/2009,0,2,22,5
USC00369298,2/25/2009,0,1,28,5
USC00369298,4/7/2009,1,1,56,27
USC00369298,4/8/2009,2.5,3,33,27
USC00369298,10/16/2009,1,1,40,32
USC00369298,12/8/2009,1,1,31,24
USC00369298,12/10/2009,1,1,47,22
USC00369298,12/11/2009,0,1,23,12
USC00369298,12/16/2009,1.5,1,39,21
USC00369298,12/17/2009,1.5,2,26,19
USC00369298,12/18/2009,0,1,33,22
USC00369298,12/19/2009,0,1,33,22
USC00369298,12/20/2009,1,2,26,17
USC00369298,12/21/2009,1,3,29,16
USC00369298,12/22/2009,1.5,4,30,16
USC00369298,12/23/2009,0,4,29,11
USC00369298,12/24/2009,0,3,26,15
USC00369298,12/25/2009,0,1,38,21
USC00369298,12/28/2009,2,2,35,23
USC00369298,12/29/2009,2,4,24,13
USC00369298,12/30/2009,0,4,18,13
USC00369298,12/31/2009,0,3,29,18
USC00369298,1/1/2010,0,2,35,28
USC00369298,1/2/2010,4,6,35,15
USC00369298,1/3/2010,2,5,35,12
USC00369298,1/4/2010,4,8,21,12
USC00369298,1/5/2010,1.5,8,20,15
USC00369298,1/6/2010,2,8,26,17
USC00369298,1/7/2010,0,7,27,23
USC00369298,1/8/2010,2.5,8,27,22
USC00369298,1/9/2010,2,9,23,9
USC00369298,1/10/2010,0,9,20,-4
USC00369298,1/11/2010,0,7,21,-4
USC00369298,1/12/2010,0,7,20,16
USC00369298,1/13/2010,0,7,25,17
USC00369298,1/14/2010,0,6,27,18
USC00369298,1/15/2010,0,4,41,18
USC00369298,1/16/2010,0,2,37,33
USC00369298,1/17/2010,0,1,43,27
USC00369298,1/28/2010,2,2,30,21
USC00369298,1/29/2010,1,2,29,5
USC00369298,1/30/2010,0,2,16,7
USC00369298,1/31/2010,0,1,17,-2
USC00369298,2/1/2010,2,1,24,-2
USC00369298,2/2/2010,0,1,25,12
USC00369298,2/3/2010,1,1,32,12
USC00369298,2/5/2010,0,1,31,17
USC00369298,2/10/2010,3,3,31,21
USC00369298,2/11/2010,3,5,24,18
USC00369298,2/12/2010,0,5,26,19
USC00369298,2/13/2010,0,4,25,18
USC00369298,2/14/2010,0,4,25,18
USC00369298,2/15/2010,0,4,28,13
USC00369298,2/16/2010,2,4,34,13
USC00369298,2/17/2010,0,4,28,20
USC00369298,2/18/2010,0.5,5,30,24
USC00369298,2/19/2010,0,4,30,28
USC00369298,2/20/2010,0,3,36,14
USC00369298,2/21/2010,0,1,38,14
USC00369298,2/22/2010,0,1,41,14
USC00369298,2/23/2010,0,1,42,27
USC00369298,2/24/2010,0,1,34,25
USC00369298,2/25/2010,0,1,34,20
USC00369298,2/26/2010,1,1,29,19
USC00369298,2/27/2010,2.5,3,26,18
USC00369298,2/28/2010,4,5,33,22
USC00369298,3/1/2010,0,5,35,30
USC00369298,3/2/2010,0,3,35,28
USC00369298,3/3/2010,0,1,35,28
USC00369298,11/28/2010,1,1,32,29
USC00369298,12/2/2010,1.1,1,34,25
USC00369298,12/3/2010,0,1,28,22
USC00369298,12/4/2010,0,1,31,25
USC00369298,12/5/2010,3.1,3,29,19
USC00369298,12/6/2010,9.3,10,30,19
USC00369298,12/7/2010,13.8,18,26,23
USC00369298,12/8/2010,4.7,20,26,16
USC00369298,12/9/2010,3,21,25,17
USC00369298,12/10/2010,0,15,25,14
USC00369298,12/11/2010,1,13,33,21
USC00369298,12/12/2010,0,10,43,22
USC00369298,12/13/2010,0,3,39,19
USC00369298,12/14/2010,2,5,19,10
USC00369298,12/15/2010,8.3,12,18,13
USC00369298,12/16/2010,4.8,11,22,15
USC00369298,12/17/2010,0,9,23,14
USC00369298,12/18/2010,0,9,27,16
USC00369298,12/19/2010,0,7,26,7
USC00369298,12/20/2010,0,7,23,12
USC00369298,12/21/2010,0.1,7,28,22
USC00369298,12/22/2010,0,6,28,21
USC00369298,12/23/2010,0,5,27,21
USC00369298,12/24/2010,0,5,28,22
USC00369298,12/25/2010,0,5,28,22
USC00369298,12/26/2010,0.5,5,27,19
USC00369298,12/27/2010,0,5,21,15
USC00369298,12/28/2010,0,5,26,15
USC00369298,12/29/2010,0,5,27,21
USC00369298,12/30/2010,0,5,30,13
USC00369298,12/31/2010,0,2,37,13
USC00369298,1/5/2011,1,1,36,23
USC00369298,1/6/2011,0,1,25,17
USC00369298,1/7/2011,2.1,3,27,17
USC00369298,1/8/2011,0,3,25,12
USC00369298,1/9/2011,3.9,6,23,12
USC00369298,1/10/2011,1.8,7,24,15
USC00369298,1/11/2011,0,5,26,12
USC00369298,1/12/2011,3.3,7,30,16
USC00369298,1/13/2011,3,8,20,15
USC00369298,1/14/2011,1.2,9,22,16
USC00369298,1/15/2011,0,7,24,13
USC00369298,1/16/2011,2.4,8,29,19
USC00369298,1/17/2011,0,7,20,7
USC00369298,1/18/2011,0.5,6,30,8
USC00369298,1/19/2011,0,3,42,29
USC00369298,1/20/2011,1,3,32,17
USC00369298,1/21/2011,2.8,6,23,19
USC00369298,1/22/2011,0.5,5,19,-3
USC00369298,1/23/2011,0,3,16,-5
USC00369298,1/24/2011,0,3,14,-9
USC00369298,1/25/2011,1.1,4,29,-10
USC00369298,1/26/2011,0,3,32,22
USC00369298,1/27/2011,0.5,3,33,23
USC00369298,1/28/2011,1.2,4,29,25
USC00369298,1/29/2011,1.5,5,30,23
USC00369298,1/30/2011,1.8,6,28,24
USC00369298,1/31/2011,0,4,27,2
USC00369298,2/1/2011,3.5,7,27,2
USC00369298,2/2/2011,1,5,37,21
USC00369298,2/3/2011,2,7,40,11
USC00369298,2/4/2011,0,7,27,10
USC00369298,2/5/2011,0,7,34,10
USC00369298,2/6/2011,0,7,34,22
USC00369298,2/7/2011,0,7,31,26
USC00369298,2/8/2011,2.5,9,35,16
USC00369298,2/9/2011,1,10,18,3
USC00369298,2/10/2011,0,9,24,6
USC00369298,2/11/2011,0,9,19,1
USC00369298,2/12/2011,0,8,29,0
USC00369298,2/13/2011,2.5,10,28,17
USC00369298,2/14/2011,0,8,48,27
USC00369298,2/15/2011,0,7,44,14
USC00369298,2/16/2011,0,7,35,13
USC00369298,2/17/2011,0,6,50,27
USC00369298,2/18/2011,0,3,58,36
USC00369298,2/19/2011,0,1,58,28
USC00369298,2/21/2011,7.5,7,38,16
USC00369298,2/22/2011,0,6,28,10
USC00369298,2/23/2011,0,6,30,4
USC00369298,2/24/2011,0,5,42,4
USC00369298,2/25/2011,2,5,38,31
USC00369298,2/26/2011,4.5,9,32,14
USC00369298,2/27/2011,1.5,10,32,17
USC00369298,2/28/2011,0,4,48,29
USC00369298,3/1/2011,0,1,50,18
USC00369298,3/6/2011,1,1,50,30
USC00369298,3/7/2011,1.5,2,30,18
USC00369298,3/11/2011,1,1,50,31
USC00369298,3/12/2011,0,1,33,29
USC00369298,3/23/2011,2,2,41,32
USC00369298,3/24/2011,0,1,35,27
USC00369298,3/31/2011,0.5,1,48,6
USC00369298,11/18/2011,2.5,2,39,27
USC00369298,12/9/2011,1,1,37,30
USC00369298,12/10/2011,1,1,40,25
USC00369298,12/19/2011,1,2,33,24
USC00369298,12/29/2011,3,2,27,15
USC00369298,1/2/2012,1,1,47,26
USC00369298,1/3/2012,5,6,28,15
USC00369298,1/4/2012,1,6,16,-1
USC00369298,1/5/2012,0,5,27,6
USC00369298,1/6/2012,0,4,34,27
USC00369298,1/13/2012,1.9,2,45,19
USC00369298,1/14/2012,2,4,20,16
USC00369298,1/15/2012,2,6,23,1
USC00369298,1/16/2012,0,4,19,-2
USC00369298,1/18/2012,1,1,53,22
USC00369298,1/19/2012,0,1,23,15
USC00369298,1/20/2012,3,4,26,12
USC00369298,1/21/2012,2,5,22,13
USC00369298,1/22/2012,0,4,26,16
USC00369298,1/30/2012,3,3,39,21
USC00369298,1/31/2012,0,1,34,19
USC00369298,2/9/2012,0.5,1,30,17
USC00369298,2/12/2012,3,3,30,12
USC00369298,2/13/2012,1.5,4,24,16
USC00369298,2/14/2012,0,2,37,23
USC00369298,2/25/2012,1.5,2,47,27
USC00369298,2/26/2012,2,3,31,26
USC00369298,2/27/2012,0,1,36,26
USC00369298,11/24/2012,1,1,53,30
USC00369298,11/25/2012,1.6,2,32,28
USC00369298,11/26/2012,0,1,34,27
USC00369298,12/22/2012,4,4,34,27
USC00369298,12/23/2012,0,3,30,24
USC00369298,12/24/2012,0,3,34,22
USC00369298,12/25/2012,0.6,3,37,27
USC00369298,12/26/2012,0,3,36,24
USC00369298,12/27/2012,5.7,9,33,22
USC00369298,12/28/2012,0,8,28,25
USC00369298,12/29/2012,1.2,9,30,20
USC00369298,12/30/2012,3.6,13,29,21
USC00369298,12/31/2012,0,12,30,22
USC00369298,1/1/2013,0.5,8,33,22
USC00369298,1/2/2013,0.7,9,29,20
USC00369298,1/3/2013,0,7,24,15
USC00369298,1/4/2013,0,7,27,13
USC00369298,1/5/2013,0,7,32,26
USC00369298,1/6/2013,0,7,31,26
USC00369298,1/7/2013,1.1,7,35,29
USC00369298,1/8/2013,0,6,32,20
USC00369298,1/9/2013,0,5,42,19
USC00369298,1/10/2013,0,2,47,16
USC00369298,1/11/2013,0,1,42,24
USC00369298,1/18/2013,0.8,1,34,17
USC00369298,1/19/2013,0,1,34,16
USC00369298,1/21/2013,0.9,1,38,18
USC00369298,1/22/2013,1.2,1,20,7
USC00369298,1/23/2013,1,2,8,4
USC00369298,1/24/2013,0,2,13,1
USC00369298,1/25/2013,0.4,2,18,1
USC00369298,1/26/2013,1.3,2,14,5
USC00369298,1/27/2013,0.7,3,23,14
USC00369298,1/28/2013,1,3,30,19
USC00369298,1/29/2013,0,1,39,30
USC00369298,2/1/2013,4.5,5,30,16
USC00369298,2/2/2013,1,4,20,11
USC00369298,2/3/2013,1,5,18,11
USC00369298,2/4/2013,2,6,24,15
USC00369298,2/5/2013,2,6,23,15
USC00369298,2/6/2013,0,5,28,16
USC00369298,2/7/2013,0,5,29,11
USC00369298,2/8/2013,0,1,40,14
USC00369298,2/9/2013,1,2,35,16
USC00369298,2/10/2013,0,2,28,7
USC00369298,2/11/2013,0,1,45,7
USC00369298,2/18/2013,1,1,20,9
USC00369298,2/20/2013,2,2,41,16
USC00369298,2/21/2013,1.5,3,21,16
USC00369298,2/22/2013,0,1,25,16
USC00369298,3/2/2013,0.6,1,29,23
USC00369298,3/3/2013,1.3,2,25,21
USC00369298,3/4/2013,0.8,2,27,20
USC00369298,3/5/2013,0.3,1,26,20
USC00369298,3/8/2013,2.3,2,36,30
USC00369298,3/14/2013,1.9,2,34,23
USC00369298,3/17/2013,1.8,1,34,22
USC00369298,3/19/2013,1,1,34,26
USC00369298,3/20/2013,2.4,3,36,23
USC00369298,3/21/2013,0,2,31,16
USC00369298,3/22/2013,2.1,4,26,16
USC00369298,3/23/2013,0,4,29,23
USC00369298,3/24/2013,0,2,37,22
USC00369298,3/25/2013,1.5,2,40,21
USC00369298,10/24/2013,0.9,1,43,34
USC00369298,11/8/2013,0.9,1,43,32
USC00369298,11/12/2013,1.5,2,44,27
USC00369298,11/13/2013,1.3,3,32,24
USC00369298,11/24/2013,1.9,2,35,15
USC00369298,11/25/2013,1.7,3,23,10
USC00369298,11/26/2013,0,2,31,16
USC00369298,11/27/2013,6.2,7,33,31
USC00369298,11/28/2013,1.5,8,31,21
USC00369298,11/29/2013,0,7,27,21
USC00369298,12/1/2013,0,6,32,19
USC00369298,12/2/2013,0,5,36,24
USC00369298,12/3/2013,0,3,41,26
USC00369298,12/4/2013,0,3,39,26
USC00369298,12/7/2013,0.5,1,33,26
USC00369298,12/12/2013,2.1,2,24,12
USC00369298,12/13/2013,0,1,19,3
USC00369298,12/14/2013,0.8,2,27,1
USC00369298,12/15/2013,4.3,6,31,22
USC00369298,12/16/2013,0.7,7,27,13
USC00369298,12/17/2013,1,8,20,6
USC00369298,12/18/2013,0.5,8,26,20
USC00369298,12/19/2013,0,6,28,23
USC00369298,12/20/2013,0,3,43,25
USC00369298,12/25/2013,1.1,1,25,8
USC00369298,12/26/2013,0,1,27,8
USC00369298,12/27/2013,1.2,2,31,23
USC00369298,12/28/2013,0,1,36,25
USC00369298,12/31/2013,0.6,1,22,16
