ObDate,Snowfall,Snowdepth,TempMax,TempMin
1970-01-03 00:00:00.0000000,1.8,2,32,25
1970-01-04 00:00:00.0000000,0.5,2,29,10
1970-01-05 00:00:00.0000000,0,1,25,9
1970-01-07 00:00:00.0000000,3.7000000000000002,4,30,16
1970-01-08 00:00:00.0000000,0.5,4,21,-3
1970-01-09 00:00:00.0000000,0.20000000000000001,4,3,-4
1970-01-10 00:00:00.0000000,0.29999999999999999,4,7,-2
1970-01-11 00:00:00.0000000,0,4,17,-6
1970-01-12 00:00:00.0000000,3.5,7,27,1
1970-01-13 00:00:00.0000000,0,6,29,20
1970-01-14 00:00:00.0000000,0,5,28,11
1970-01-15 00:00:00.0000000,0,5,30,2
1970-01-16 00:00:00.0000000,0,4,38,1
1970-01-17 00:00:00.0000000,0,3,51,6
1970-01-18 00:00:00.0000000,0,2,48,33
1970-01-19 00:00:00.0000000,0.29999999999999999,2,33,7
1970-01-20 00:00:00.0000000,0.69999999999999996,2,23,-1
1970-01-21 00:00:00.0000000,1,3,20,-1
1970-01-22 00:00:00.0000000,0,3,13,-8
1970-01-23 00:00:00.0000000,0,2,20,-8
1970-01-24 00:00:00.0000000,0.5,3,26,-6
1970-01-25 00:00:00.0000000,0.29999999999999999,2,43,-5
1970-02-03 00:00:00.0000000,0.5,1,51,22
1970-02-04 00:00:00.0000000,4,3,34,-4
1970-02-05 00:00:00.0000000,0.80000000000000004,4,28,-4
1970-02-06 00:00:00.0000000,0.5,3,37,28
1970-02-12 00:00:00.0000000,0.5,1,32,20
1970-02-13 00:00:00.0000000,0.29999999999999999,1,31,19
1970-02-15 00:00:00.0000000,0.5,1,31,15
1970-02-16 00:00:00.0000000,0,1,35,16
1970-03-13 00:00:00.0000000,2,2,33,27
1970-03-14 00:00:00.0000000,0.5,1,36,24
1970-03-15 00:00:00.0000000,0.80000000000000004,1,29,13
1970-03-16 00:00:00.0000000,0.20000000000000001,1,31,9
1970-03-29 00:00:00.0000000,2,2,58,27
1970-03-30 00:00:00.0000000,6,6,34,6
1970-03-31 00:00:00.0000000,0,1,45,11
1970-12-26 00:00:00.0000000,1,1,38,16
1970-12-27 00:00:00.0000000,0,1,26,15
1970-12-28 00:00:00.0000000,0.20000000000000001,1,28,19
1970-12-29 00:00:00.0000000,0,1,27,12
1970-12-30 00:00:00.0000000,0,1,31,13
1970-12-31 00:00:00.0000000,0,1,29,16
1971-01-01 00:00:00.0000000,3.5,4,29,21
1971-01-02 00:00:00.0000000,0,3,32,12
1971-01-03 00:00:00.0000000,0,2,39,16
1971-01-04 00:00:00.0000000,0,1,45,18
1971-01-17 00:00:00.0000000,0.69999999999999996,1,20,17
1971-01-18 00:00:00.0000000,0.29999999999999999,1,26,10
1971-01-19 00:00:00.0000000,0.10000000000000001,1,23,4
1971-01-20 00:00:00.0000000,0,1,17,1
1971-01-21 00:00:00.0000000,0,1,28,8
1971-01-27 00:00:00.0000000,1,1,45,10
1971-01-28 00:00:00.0000000,0.10000000000000001,1,15,9
1971-01-29 00:00:00.0000000,0,1,20,9
1971-01-31 00:00:00.0000000,3.5,4,30,0
1971-02-01 00:00:00.0000000,0,3,15,-1
1971-02-02 00:00:00.0000000,0,3,11,-10
1971-02-03 00:00:00.0000000,0,2,15,-10
1971-02-04 00:00:00.0000000,0,2,31,13
1971-02-09 00:00:00.0000000,5,5,35,14
1971-02-10 00:00:00.0000000,0,5,18,5
1971-02-11 00:00:00.0000000,0,4,24,5
1971-02-12 00:00:00.0000000,0,1,48,13
1971-02-14 00:00:00.0000000,6,6,36,10
1971-02-15 00:00:00.0000000,0,5,26,9
1971-02-16 00:00:00.0000000,0,4,32,22
1971-02-17 00:00:00.0000000,0,3,39,15
1971-02-18 00:00:00.0000000,0,1,45,18
1971-03-03 00:00:00.0000000,0.5,1,47,29
1971-03-04 00:00:00.0000000,7.5,8,32,17
1971-03-05 00:00:00.0000000,0.5,6,30,17
1971-03-06 00:00:00.0000000,0,4,43,22
1971-03-07 00:00:00.0000000,0,1,51,28
1971-03-08 00:00:00.0000000,1,2,37,22
1971-03-09 00:00:00.0000000,0.5,2,29,18
1971-03-12 00:00:00.0000000,1,1,39,30
1971-03-17 00:00:00.0000000,0.5,1,46,26
1971-03-20 00:00:00.0000000,0.69999999999999996,1,52,29
1971-03-21 00:00:00.0000000,3,2,36,27
1971-03-23 00:00:00.0000000,0.5,1,46,23
1971-11-22 00:00:00.0000000,1,1,37,25
1971-11-25 00:00:00.0000000,6,6,34,30
1971-11-26 00:00:00.0000000,0,4,37,18
1971-11-27 00:00:00.0000000,0,2,39,19
1971-12-18 00:00:00.0000000,1,1,39,18
1971-12-19 00:00:00.0000000,0.5,1,28,19
1972-01-06 00:00:00.0000000,0.5,1,31,18
1972-01-28 00:00:00.0000000,2.5,3,24,13
1972-01-29 00:00:00.0000000,0,2,28,18
1972-01-30 00:00:00.0000000,0,2,30,17
1972-01-31 00:00:00.0000000,0,2,33,2
1972-02-01 00:00:00.0000000,0,1,28,2
1972-02-02 00:00:00.0000000,0,1,35,20
1972-02-04 00:00:00.0000000,1,1,42,14
1972-02-05 00:00:00.0000000,0.29999999999999999,1,18,6
1972-02-06 00:00:00.0000000,0,1,29,5
1972-02-07 00:00:00.0000000,2,3,35,16
1972-02-08 00:00:00.0000000,0,2,24,-4
1972-02-09 00:00:00.0000000,0.20000000000000001,2,22,-4
1972-02-10 00:00:00.0000000,0,2,28,-1
1972-02-11 00:00:00.0000000,0,1,29,-1
1972-02-12 00:00:00.0000000,0,1,38,16
1972-02-13 00:00:00.0000000,0.5,1,54,18
1972-02-14 00:00:00.0000000,2,1,36,31
1972-02-15 00:00:00.0000000,0,1,45,27
1972-02-19 00:00:00.0000000,2,2,37,25
1972-02-20 00:00:00.0000000,3,5,30,14
1972-02-21 00:00:00.0000000,0,5,24,9
1972-02-22 00:00:00.0000000,0,2,49,19
1972-02-23 00:00:00.0000000,0,1,30,14
1972-02-24 00:00:00.0000000,0.5,1,39,14
1972-03-03 00:00:00.0000000,1,1,69,19
1972-03-04 00:00:00.0000000,0.5,1,29,5
1972-03-05 00:00:00.0000000,0,1,41,4
1972-03-10 00:00:00.0000000,0.80000000000000004,1,33,13
1972-12-01 00:00:00.0000000,1,1,35,29
1972-12-16 00:00:00.0000000,0.5,1,46,13
1972-12-17 00:00:00.0000000,0.29999999999999999,1,17,12
1972-12-18 00:00:00.0000000,0,1,26,13
1973-01-15 00:00:00.0000000,1,1,43,27
1973-01-16 00:00:00.0000000,0,1,38,32
1973-01-29 00:00:00.0000000,1,1,45,20
1973-01-30 00:00:00.0000000,0,1,27,6
1973-01-31 00:00:00.0000000,0,1,27,6
1973-02-09 00:00:00.0000000,0.69999999999999996,1,39,10
1973-02-10 00:00:00.0000000,0,1,27,8
1973-02-11 00:00:00.0000000,0,1,25,8
1973-02-16 00:00:00.0000000,0.5,1,41,14
1973-02-17 00:00:00.0000000,0.10000000000000001,1,18,-3
1973-02-22 00:00:00.0000000,0.5,1,40,18
1973-02-23 00:00:00.0000000,0.5,1,28,18
1973-03-18 00:00:00.0000000,1.5,2,54,25
1973-03-19 00:00:00.0000000,0.5,1,33,27
1973-04-11 00:00:00.0000000,0.5,1,38,28
1973-12-09 00:00:00.0000000,0.5,1,40,19
1973-12-10 00:00:00.0000000,1,1,36,30
1973-12-11 00:00:00.0000000,0,1,35,18
1973-12-12 00:00:00.0000000,0,1,26,14
1973-12-21 00:00:00.0000000,2.7000000000000002,3,51,26
1973-12-22 00:00:00.0000000,2,4,27,14
1973-12-23 00:00:00.0000000,0,3,33,19
1973-12-24 00:00:00.0000000,0,1,38,27
1974-01-09 00:00:00.0000000,1,1,38,9
1974-02-05 00:00:00.0000000,0.29999999999999999,1,28,6
1974-02-11 00:00:00.0000000,1.8,2,32,18
1974-02-12 00:00:00.0000000,0,1,33,19
1974-12-02 00:00:00.0000000,1,1,40,33
1974-12-03 00:00:00.0000000,1.2,1,36,32
1974-12-04 00:00:00.0000000,0,1,35,26
1974-12-19 00:00:00.0000000,2,2,30,25
1975-01-13 00:00:00.0000000,6.5,5,37,25
1975-01-14 00:00:00.0000000,0,4,28,10
1975-01-15 00:00:00.0000000,0,3,20,2
1975-01-16 00:00:00.0000000,0,3,29,4
1975-01-18 00:00:00.0000000,0.5,3,36,7
1975-01-19 00:00:00.0000000,1.5,1,44,31
1975-01-20 00:00:00.0000000,2.2000000000000002,3,40,18
1975-01-21 00:00:00.0000000,0,2,29,8
1975-01-22 00:00:00.0000000,0,2,39,18
1975-01-23 00:00:00.0000000,0,1,38,18
1975-01-24 00:00:00.0000000,0,1,42,19
1975-01-31 00:00:00.0000000,2.2999999999999998,2,37,32
1975-02-01 00:00:00.0000000,0.5,1,38,32
1975-02-02 00:00:00.0000000,1.2,2,35,30
1975-02-03 00:00:00.0000000,0,1,37,19
1975-02-04 00:00:00.0000000,0,1,36,19
1975-02-05 00:00:00.0000000,2.2000000000000002,1,35,23
1975-02-07 00:00:00.0000000,0.69999999999999996,1,38,21
1975-02-13 00:00:00.0000000,2.5,2,34,20
1975-03-03 00:00:00.0000000,0.69999999999999996,1,30,17
1975-03-04 00:00:00.0000000,0.40000000000000002,1,29,20
1975-03-08 00:00:00.0000000,0.59999999999999998,1,57,30
1975-03-11 00:00:00.0000000,1.2,1,32,26
1975-04-04 00:00:00.0000000,0.69999999999999996,1,45,25
1975-11-15 00:00:00.0000000,1.5,1,34,26
1975-12-22 00:00:00.0000000,0.29999999999999999,1,32,19
1976-01-08 00:00:00.0000000,4.2999999999999998,4,44,16
1976-01-09 00:00:00.0000000,0.40000000000000002,5,23,0
1976-01-10 00:00:00.0000000,0,4,11,-5
1976-01-11 00:00:00.0000000,0.20000000000000001,4,33,-3
1976-01-12 00:00:00.0000000,0.29999999999999999,3,37,25
1976-01-13 00:00:00.0000000,0,2,32,18
1976-01-22 00:00:00.0000000,1.5,2,29,19
1976-01-23 00:00:00.0000000,1,3,25,7
1976-01-27 00:00:00.0000000,0.59999999999999998,1,62,30
1976-01-28 00:00:00.0000000,5,6,37,19
1976-01-29 00:00:00.0000000,0,2,38,19
1976-01-30 00:00:00.0000000,0.20000000000000001,1,37,25
1976-01-31 00:00:00.0000000,0.80000000000000004,2,29,25
1976-02-01 00:00:00.0000000,0,1,38,26
1976-02-02 00:00:00.0000000,0,1,40,0
1976-02-03 00:00:00.0000000,0,1,15,-4
1976-02-09 00:00:00.0000000,2.2999999999999998,2,31,9
1976-02-10 00:00:00.0000000,0,1,40,7
1976-03-10 00:00:00.0000000,2.2999999999999998,2,33,29
1976-03-17 00:00:00.0000000,1.5,1,45,19
1976-11-08 00:00:00.0000000,1.3999999999999999,1,50,24
1976-11-09 00:00:00.0000000,0,1,30,14
1976-11-22 00:00:00.0000000,0.69999999999999996,1,44,19
1976-11-29 00:00:00.0000000,1.3,1,40,23
1976-11-30 00:00:00.0000000,0.29999999999999999,1,24,2
1976-12-01 00:00:00.0000000,0,1,23,5
1976-12-02 00:00:00.0000000,1.8,2,39,13
1976-12-03 00:00:00.0000000,0.20000000000000001,2,29,-8
1976-12-04 00:00:00.0000000,0,2,32,-7
1976-12-05 00:00:00.0000000,0,1,38,12
1976-12-06 00:00:00.0000000,0,1,38,11
1976-12-21 00:00:00.0000000,2.7999999999999998,3,53,14
1976-12-22 00:00:00.0000000,0,2,21,11
1976-12-23 00:00:00.0000000,0,2,31,11
1976-12-24 00:00:00.0000000,1,2,31,1
1976-12-25 00:00:00.0000000,0,1,25,1
1976-12-27 00:00:00.0000000,3.6000000000000001,4,35,15
1976-12-28 00:00:00.0000000,0,2,41,15
1976-12-29 00:00:00.0000000,0.5,2,39,19
1976-12-30 00:00:00.0000000,0.40000000000000002,2,22,-4
1976-12-31 00:00:00.0000000,0,1,23,7
1977-01-01 00:00:00.0000000,0,1,16,4
1977-01-02 00:00:00.0000000,0,1,15,7
1977-01-03 00:00:00.0000000,0,1,27,9
1977-01-04 00:00:00.0000000,0.29999999999999999,1,28,19
1977-01-05 00:00:00.0000000,0,1,31,12
1977-01-06 00:00:00.0000000,1.5,2,30,21
1977-01-07 00:00:00.0000000,3.5,6,33,26
1977-01-08 00:00:00.0000000,0.5,6,27,-8
1977-01-09 00:00:00.0000000,0,6,27,-2
1977-01-10 00:00:00.0000000,2,6,38,19
1977-01-11 00:00:00.0000000,1.3,7,38,4
1977-01-12 00:00:00.0000000,0.40000000000000002,7,15,-3
1977-01-13 00:00:00.0000000,0.20000000000000001,7,15,-16
1977-01-14 00:00:00.0000000,0.80000000000000004,7,30,-16
1977-01-15 00:00:00.0000000,2.5,9,34,24
1977-01-16 00:00:00.0000000,1,10,30,11
1977-01-17 00:00:00.0000000,0.29999999999999999,10,11,-12
1977-01-18 00:00:00.0000000,0,10,2,-12
1977-01-19 00:00:00.0000000,0,10,11,-8
1977-01-20 00:00:00.0000000,0.5,10,17,-1
1977-01-21 00:00:00.0000000,0.20000000000000001,9,28,-1
1977-01-22 00:00:00.0000000,0.5,9,24,16
1977-01-23 00:00:00.0000000,0,9,21,-11
1977-01-24 00:00:00.0000000,0,8,27,-10
1977-01-25 00:00:00.0000000,2.2999999999999998,10,34,22
1977-01-26 00:00:00.0000000,1,11,31,21
1977-01-27 00:00:00.0000000,1.5,12,32,10
1977-01-28 00:00:00.0000000,0,12,30,8
1977-01-29 00:00:00.0000000,1.5,13,43,-9
1977-01-30 00:00:00.0000000,0,13,13,-9
1977-01-31 00:00:00.0000000,0,13,15,-2
1977-02-01 00:00:00.0000000,0,12,20,2
1977-02-02 00:00:00.0000000,0,12,20,-2
1977-02-03 00:00:00.0000000,0,11,35,3
1977-02-04 00:00:00.0000000,0.20000000000000001,10,39,29
1977-02-05 00:00:00.0000000,2.5,11,35,20
1977-02-06 00:00:00.0000000,0.5,11,21,5
1977-02-07 00:00:00.0000000,0.5,11,15,4
1977-02-08 00:00:00.0000000,0,11,20,-13
1977-02-09 00:00:00.0000000,0,10,29,-13
1977-02-10 00:00:00.0000000,0,8,41,2
1977-02-11 00:00:00.0000000,0,6,52,19
1977-02-12 00:00:00.0000000,0,3,55,24
1977-02-13 00:00:00.0000000,0,1,47,27
1977-02-14 00:00:00.0000000,0.5,1,38,31
1977-02-15 00:00:00.0000000,0,1,39,21
1977-02-16 00:00:00.0000000,0,1,26,11
1977-02-17 00:00:00.0000000,0,1,24,1
1977-02-18 00:00:00.0000000,0,1,26,1
1977-02-20 00:00:00.0000000,1.7,2,43,21
1977-02-21 00:00:00.0000000,0.40000000000000002,1,32,17
1977-03-02 00:00:00.0000000,1.5,1,37,12
1977-04-06 00:00:00.0000000,0.59999999999999998,1,53,30
1977-11-13 00:00:00.0000000,0.80000000000000004,1,37,27
1977-11-26 00:00:00.0000000,0.80000000000000004,1,47,23
1977-11-27 00:00:00.0000000,0.20000000000000001,1,24,14
1977-11-28 00:00:00.0000000,2,1,37,16
1977-11-29 00:00:00.0000000,1.8,2,39,23
1977-12-07 00:00:00.0000000,1.5,1,30,5
1977-12-08 00:00:00.0000000,0,1,16,4
1978-01-03 00:00:00.0000000,0.40000000000000002,1,25,16
1978-01-06 00:00:00.0000000,1.2,1,44,24
1978-01-09 00:00:00.0000000,5.5999999999999996,6,59,14
1978-01-10 00:00:00.0000000,1,6,14,-1
1978-01-11 00:00:00.0000000,0.20000000000000001,6,7,-1
1978-01-12 00:00:00.0000000,0,5,18,-2
1978-01-13 00:00:00.0000000,1,5,26,-2
1978-01-14 00:00:00.0000000,3.2000000000000002,5,35,21
1978-01-15 00:00:00.0000000,0.20000000000000001,5,25,15
1978-01-16 00:00:00.0000000,0,5,22,14
1978-01-17 00:00:00.0000000,2.2999999999999998,7,23,14
1978-01-18 00:00:00.0000000,7,12,33,22
1978-01-19 00:00:00.0000000,0.10000000000000001,11,30,21
1978-01-20 00:00:00.0000000,7.5,18,26,20
1978-01-21 00:00:00.0000000,3,21,27,18
1978-01-22 00:00:00.0000000,0.29999999999999999,21,24,2
1978-01-23 00:00:00.0000000,0,19,28,-12
1978-01-24 00:00:00.0000000,0,17,35,-12
1978-01-25 00:00:00.0000000,0,14,45,0
1978-01-26 00:00:00.0000000,0.5,11,48,21
1978-01-27 00:00:00.0000000,1.5,12,21,9
1978-01-28 00:00:00.0000000,0.5,12,16,7
1978-01-29 00:00:00.0000000,0.59999999999999998,13,16,5
1978-01-30 00:00:00.0000000,1,13,19,10
1978-01-31 00:00:00.0000000,0,12,23,0
1978-02-01 00:00:00.0000000,0,10,21,-3
1978-02-02 00:00:00.0000000,0,9,24,-3
1978-02-03 00:00:00.0000000,0.10000000000000001,8,31,12
1978-02-04 00:00:00.0000000,0,8,28,-4
1978-02-05 00:00:00.0000000,0,8,29,-4
1978-02-06 00:00:00.0000000,1,8,29,9
1978-02-07 00:00:00.0000000,1.5,9,17,5
1978-02-08 00:00:00.0000000,0.20000000000000001,9,19,5
1978-02-09 00:00:00.0000000,0,8,29,0
1978-02-10 00:00:00.0000000,0,8,33,-5
1978-02-11 00:00:00.0000000,0,7,29,-5
1978-02-12 00:00:00.0000000,0,7,29,5
1978-02-13 00:00:00.0000000,0,6,36,8
1978-02-14 00:00:00.0000000,1.8999999999999999,7,31,13
1978-02-15 00:00:00.0000000,0,7,31,6
1978-02-16 00:00:00.0000000,0.59999999999999998,7,35,9
1978-02-17 00:00:00.0000000,0,7,40,22
1978-02-18 00:00:00.0000000,0.69999999999999996,7,35,21
1978-02-19 00:00:00.0000000,1.5,8,30,-5
1978-02-20 00:00:00.0000000,0,7,26,-7
1978-02-21 00:00:00.0000000,0,6,37,-6
1978-02-22 00:00:00.0000000,0,6,29,3
1978-02-23 00:00:00.0000000,0,6,26,-3
1978-02-24 00:00:00.0000000,0.40000000000000002,6,35,-3
1978-02-25 00:00:00.0000000,0,6,35,24
1978-02-26 00:00:00.0000000,0.80000000000000004,7,40,26
1978-02-27 00:00:00.0000000,0.40000000000000002,6,35,14
1978-02-28 00:00:00.0000000,0,6,32,11
1978-03-01 00:00:00.0000000,0.5,6,40,13
1978-03-02 00:00:00.0000000,0.20000000000000001,6,33,0
1978-03-03 00:00:00.0000000,2.8999999999999999,8,28,0
1978-03-04 00:00:00.0000000,0.59999999999999998,9,33,17
1978-03-05 00:00:00.0000000,0,8,27,0
1978-03-06 00:00:00.0000000,0,7,29,11
1978-03-07 00:00:00.0000000,0,7,34,10
1978-03-08 00:00:00.0000000,0,6,35,12
1978-03-09 00:00:00.0000000,0,6,36,28
1978-03-10 00:00:00.0000000,0,6,47,27
1978-03-11 00:00:00.0000000,0,6,50,19
1978-03-12 00:00:00.0000000,0,4,53,20
1978-03-13 00:00:00.0000000,0,3,43,33
1978-03-14 00:00:00.0000000,0,2,53,33
1978-03-15 00:00:00.0000000,0,1,57,37
1978-03-16 00:00:00.0000000,3.1000000000000001,3,41,32
1978-03-17 00:00:00.0000000,1.5,2,40,23
1978-03-18 00:00:00.0000000,0,1,37,24
1978-11-27 00:00:00.0000000,0.5,1,38,31
1978-12-10 00:00:00.0000000,0.69999999999999996,1,34,18
1978-12-11 00:00:00.0000000,0,1,23,8
1979-01-06 00:00:00.0000000,1.7,2,25,9
1979-01-07 00:00:00.0000000,1,3,30,21
1979-01-08 00:00:00.0000000,1.5,3,33,18
1979-01-09 00:00:00.0000000,0.20000000000000001,3,22,1
1979-01-10 00:00:00.0000000,0.29999999999999999,3,19,1
1979-01-11 00:00:00.0000000,0.40000000000000002,4,23,9
1979-01-12 00:00:00.0000000,1.1000000000000001,4,19,6
1979-01-13 00:00:00.0000000,0.29999999999999999,4,30,17
1979-01-14 00:00:00.0000000,0,1,45,26
1979-01-15 00:00:00.0000000,0,1,42,4
1979-01-16 00:00:00.0000000,0,1,27,4
1979-01-25 00:00:00.0000000,3.7999999999999998,4,44,17
1979-01-26 00:00:00.0000000,0.40000000000000002,4,24,19
1979-01-27 00:00:00.0000000,0,4,25,20
1979-01-28 00:00:00.0000000,4.2000000000000002,8,32,23
1979-01-29 00:00:00.0000000,1.1000000000000001,8,32,27
1979-01-30 00:00:00.0000000,0.10000000000000001,8,27,22
1979-01-31 00:00:00.0000000,0,8,27,21
1979-02-01 00:00:00.0000000,1.2,8,28,15
1979-02-02 00:00:00.0000000,0,8,20,9
1979-02-03 00:00:00.0000000,0,8,25,3
1979-02-04 00:00:00.0000000,0,8,31,8
1979-02-05 00:00:00.0000000,0,8,33,2
1979-02-06 00:00:00.0000000,0,7,17,-9
1979-02-07 00:00:00.0000000,0.10000000000000001,6,26,-9
1979-02-08 00:00:00.0000000,2.1000000000000001,7,31,14
1979-02-09 00:00:00.0000000,0.29999999999999999,7,24,-2
1979-02-10 00:00:00.0000000,0,7,16,-13
1979-02-11 00:00:00.0000000,0,7,17,-13
1979-02-12 00:00:00.0000000,0.5,7,20,-12
1979-02-13 00:00:00.0000000,6.7999999999999998,13,25,8
1979-02-14 00:00:00.0000000,0,13,20,-7
1979-02-15 00:00:00.0000000,0,12,27,-7
1979-02-16 00:00:00.0000000,0,10,33,24
1979-02-17 00:00:00.0000000,0,10,25,-15
1979-02-18 00:00:00.0000000,0,10,13,-7
1979-02-19 00:00:00.0000000,5.2000000000000002,14,20,7
1979-02-20 00:00:00.0000000,0,14,28,-8
1979-02-21 00:00:00.0000000,0,12,46,-7
1979-02-22 00:00:00.0000000,0,7,48,30
1979-02-23 00:00:00.0000000,0,5,44,33
1979-02-24 00:00:00.0000000,0,2,55,35
1979-02-25 00:00:00.0000000,0,1,42,36
1979-02-27 00:00:00.0000000,0.69999999999999996,1,37,27
1979-12-02 00:00:00.0000000,2,2,41,23
1979-12-03 00:00:00.0000000,0,2,35,7
1980-01-05 00:00:00.0000000,2.7000000000000002,3,32,23
1980-01-06 00:00:00.0000000,1.2,4,32,5
1980-01-07 00:00:00.0000000,0,2,41,5
1980-01-25 00:00:00.0000000,3.7999999999999998,4,30,10
1980-01-26 00:00:00.0000000,0,1,44,13
1980-01-27 00:00:00.0000000,0,1,33,13
1980-01-28 00:00:00.0000000,0,1,34,19
1980-01-31 00:00:00.0000000,0.80000000000000004,1,25,12
1980-02-01 00:00:00.0000000,0.5,1,23,10
1980-02-02 00:00:00.0000000,0,1,22,2
1980-02-03 00:00:00.0000000,0,1,24,-3
1980-02-04 00:00:00.0000000,0,1,25,-3
1980-02-05 00:00:00.0000000,0,1,26,3
1980-02-16 00:00:00.0000000,1.3999999999999999,1,37,25
1980-02-17 00:00:00.0000000,0,1,31,5
1980-02-28 00:00:00.0000000,0.80000000000000004,1,33,20
1980-02-29 00:00:00.0000000,0.40000000000000002,1,32,8
1980-03-02 00:00:00.0000000,0.80000000000000004,1,14,-1
1980-03-13 00:00:00.0000000,1.8,2,34,17
1980-03-14 00:00:00.0000000,1.2,2,36,27
1980-03-15 00:00:00.0000000,0.20000000000000001,1,34,20
1980-12-12 00:00:00.0000000,1.6000000000000001,1,33,24
1980-12-25 00:00:00.0000000,2.7999999999999998,1,35,2
1980-12-26 00:00:00.0000000,0,1,15,-5
1980-12-27 00:00:00.0000000,0,1,27,3
1980-12-28 00:00:00.0000000,0,1,33,10
1980-12-29 00:00:00.0000000,0,1,46,10
1981-01-01 00:00:00.0000000,1.6000000000000001,1,35,28
1981-01-02 00:00:00.0000000,2.2000000000000002,3,35,25
1981-01-03 00:00:00.0000000,0.80000000000000004,4,29,14
1981-01-04 00:00:00.0000000,0.59999999999999998,4,31,-3
1981-01-05 00:00:00.0000000,0,4,9,-2
1981-01-06 00:00:00.0000000,0,3,19,0
1981-01-07 00:00:00.0000000,1.8,5,35,14
1981-01-08 00:00:00.0000000,0.20000000000000001,5,29,-11
1981-01-09 00:00:00.0000000,0,5,21,-11
1981-01-10 00:00:00.0000000,0.29999999999999999,4,26,8
1981-01-11 00:00:00.0000000,0,4,20,1
1981-01-12 00:00:00.0000000,0.20000000000000001,4,17,-8
1981-01-13 00:00:00.0000000,0.29999999999999999,4,18,-8
1981-01-14 00:00:00.0000000,0.20000000000000001,4,26,14
1981-01-15 00:00:00.0000000,1.5,5,37,21
1981-01-16 00:00:00.0000000,0.69999999999999996,6,33,25
1981-01-17 00:00:00.0000000,0.59999999999999998,6,31,16
1981-01-18 00:00:00.0000000,0,6,31,7
1981-01-19 00:00:00.0000000,0,5,32,7
1981-01-20 00:00:00.0000000,0,4,43,8
1981-01-21 00:00:00.0000000,0,2,47,25
1981-01-22 00:00:00.0000000,0,2,40,33
1981-01-23 00:00:00.0000000,0,1,35,31
1981-01-24 00:00:00.0000000,0.29999999999999999,1,35,30
1981-01-25 00:00:00.0000000,0,1,35,17
1981-02-06 00:00:00.0000000,0.40000000000000002,1,25,3
1981-02-08 00:00:00.0000000,0.80000000000000004,1,44,22
1981-02-09 00:00:00.0000000,2.7999999999999998,3,36,7
1981-02-10 00:00:00.0000000,0,2,31,7
1981-02-12 00:00:00.0000000,4.7999999999999998,4,58,-5
1981-02-13 00:00:00.0000000,0,2,19,-5
1981-02-14 00:00:00.0000000,0,1,36,-3
1981-03-06 00:00:00.0000000,0.20000000000000001,1,37,29
1981-03-19 00:00:00.0000000,0.59999999999999998,1,36,15
1981-03-20 00:00:00.0000000,1.2,1,30,20
1981-03-21 00:00:00.0000000,0.80000000000000004,1,36,21
1981-11-21 00:00:00.0000000,2,2,50,30
1981-11-24 00:00:00.0000000,0.80000000000000004,1,41,24
1981-12-09 00:00:00.0000000,0.80000000000000004,1,43,25
1981-12-10 00:00:00.0000000,0.20000000000000001,1,29,22
1981-12-11 00:00:00.0000000,0.80000000000000004,1,29,21
1981-12-12 00:00:00.0000000,0,1,28,23
1981-12-15 00:00:00.0000000,1.8999999999999999,2,32,22
1981-12-16 00:00:00.0000000,0.20000000000000001,2,34,25
1981-12-17 00:00:00.0000000,0.20000000000000001,1,31,14
1981-12-18 00:00:00.0000000,2.6000000000000001,4,31,22
1981-12-19 00:00:00.0000000,0,4,30,7
1981-12-20 00:00:00.0000000,0,4,21,14
1981-12-21 00:00:00.0000000,0,3,21,-1
1981-12-22 00:00:00.0000000,0.20000000000000001,2,38,1
1982-01-10 00:00:00.0000000,1.6000000000000001,1,24,-8
1982-01-11 00:00:00.0000000,0,1,-1,-10
1982-01-12 00:00:00.0000000,0,1,7,-7
1982-01-13 00:00:00.0000000,0.5,1,19,7
1982-01-14 00:00:00.0000000,3.6000000000000001,4,30,16
1982-01-15 00:00:00.0000000,0,3,24,4
1982-01-16 00:00:00.0000000,1.8,5,33,1
1982-01-17 00:00:00.0000000,0.40000000000000002,5,33,-16
1982-01-18 00:00:00.0000000,0.5,5,10,-16
1982-01-19 00:00:00.0000000,0,4,28,10
1982-01-20 00:00:00.0000000,0,4,34,11
1982-01-21 00:00:00.0000000,0,3,39,30
1982-01-22 00:00:00.0000000,0,3,35,22
1982-01-23 00:00:00.0000000,0,1,45,22
1982-01-26 00:00:00.0000000,1.8,2,20,4
1982-01-27 00:00:00.0000000,0,1,21,-2
1982-02-09 00:00:00.0000000,2.8999999999999999,3,40,13
1982-02-10 00:00:00.0000000,0.40000000000000002,3,33,7
1982-02-11 00:00:00.0000000,0,3,22,6
1982-02-12 00:00:00.0000000,0,3,35,3
1982-02-13 00:00:00.0000000,0.69999999999999996,4,35,3
1982-02-14 00:00:00.0000000,0,3,32,18
1982-02-15 00:00:00.0000000,0,1,45,26
1982-03-03 00:00:00.0000000,2.3999999999999999,2,47,21
1982-03-04 00:00:00.0000000,0,1,33,21
1982-03-07 00:00:00.0000000,3.2000000000000002,3,43,29
1982-03-08 00:00:00.0000000,2.2000000000000002,4,34,22
1982-03-09 00:00:00.0000000,0.80000000000000004,3,37,22
1982-03-10 00:00:00.0000000,0,1,37,16
1982-03-27 00:00:00.0000000,1.6000000000000001,1,38,21
1982-04-09 00:00:00.0000000,2.2999999999999998,2,43,20
1982-12-20 00:00:00.0000000,0.80000000000000004,1,39,31
1982-12-21 00:00:00.0000000,1,1,34,29
1982-12-22 00:00:00.0000000,0,1,32,21
1983-01-16 00:00:00.0000000,0.59999999999999998,1,32,20
1983-01-17 00:00:00.0000000,0,1,27,18
1983-02-05 00:00:00.0000000,0.40000000000000002,1,25,20
1983-02-07 00:00:00.0000000,0.90000000000000002,1,37,24
1983-02-08 00:00:00.0000000,0.40000000000000002,1,34,24
1983-02-11 00:00:00.0000000,1.6000000000000001,2,37,20
1983-02-12 00:00:00.0000000,8.1999999999999993,10,24,10
1983-02-13 00:00:00.0000000,0,7,36,-2
1983-02-14 00:00:00.0000000,0,6,43,-2
1983-02-15 00:00:00.0000000,0,4,50,-2
1983-02-16 00:00:00.0000000,0,3,39,29
1983-02-17 00:00:00.0000000,0,1,57,29
1983-11-12 00:00:00.0000000,2,1,42,29
1983-12-24 00:00:00.0000000,0.69999999999999996,1,20,0
1983-12-25 00:00:00.0000000,0,1,0,-11
1983-12-26 00:00:00.0000000,0,1,0,-12
1984-01-11 00:00:00.0000000,2.2000000000000002,2,36,3
1984-01-12 00:00:00.0000000,0,2,21,-1
1984-01-13 00:00:00.0000000,0,2,27,0
1984-01-14 00:00:00.0000000,0,1,40,9
1984-01-15 00:00:00.0000000,0,1,33,13
1984-01-19 00:00:00.0000000,3.3999999999999999,3,27,2
1984-01-20 00:00:00.0000000,0,3,18,-15
1984-01-21 00:00:00.0000000,0,3,17,-20
1984-01-22 00:00:00.0000000,0,3,11,-20
1984-01-23 00:00:00.0000000,0,2,30,-13
1984-01-24 00:00:00.0000000,0,1,45,3
1984-01-31 00:00:00.0000000,1.2,1,38,21
1984-02-29 00:00:00.0000000,4.9000000000000004,4,35,19
1984-03-01 00:00:00.0000000,0.5,3,26,12
1984-03-09 00:00:00.0000000,3.7000000000000002,3,39,4
1984-03-10 00:00:00.0000000,0,1,27,-1
1984-03-29 00:00:00.0000000,1.3999999999999999,1,45,32
1984-11-19 00:00:00.0000000,4.4000000000000004,2,35,31
1984-11-20 00:00:00.0000000,0,1,37,13
1984-12-06 00:00:00.0000000,2.2000000000000002,2,37,19
1984-12-07 00:00:00.0000000,0.80000000000000004,2,30,9
1984-12-08 00:00:00.0000000,0,2,27,9
1985-01-05 00:00:00.0000000,0.80000000000000004,1,41,28
1985-01-11 00:00:00.0000000,3,3,27,18
1985-01-12 00:00:00.0000000,0.29999999999999999,3,27,12
1985-01-13 00:00:00.0000000,0.10000000000000001,3,25,14
1985-01-14 00:00:00.0000000,0,2,30,15
1985-01-15 00:00:00.0000000,1.2,3,37,14
1985-01-16 00:00:00.0000000,0,2,23,-1
1985-01-17 00:00:00.0000000,2.5,4,29,-1
1985-01-18 00:00:00.0000000,0.40000000000000002,4,34,20
1985-01-19 00:00:00.0000000,0.80000000000000004,4,33,21
1985-01-20 00:00:00.0000000,0.29999999999999999,4,25,-8
1985-01-21 00:00:00.0000000,0.29999999999999999,4,-7,-17
1985-01-22 00:00:00.0000000,0.90000000000000002,4,9,-16
1985-01-23 00:00:00.0000000,1.1000000000000001,5,28,4
1985-01-24 00:00:00.0000000,0.29999999999999999,5,28,11
1985-01-25 00:00:00.0000000,1.6000000000000001,6,35,21
1985-01-26 00:00:00.0000000,1.8999999999999999,7,35,13
1985-01-27 00:00:00.0000000,0.20000000000000001,6,21,-1
1985-01-28 00:00:00.0000000,0,6,28,17
1985-01-29 00:00:00.0000000,0,6,31,17
1985-01-30 00:00:00.0000000,0,5,33,8
1985-01-31 00:00:00.0000000,0,3,36,10
1985-02-01 00:00:00.0000000,1.3,3,41,26
1985-02-02 00:00:00.0000000,4.7999999999999998,6,40,15
1985-02-03 00:00:00.0000000,1.7,8,23,8
1985-02-04 00:00:00.0000000,0,7,26,-13
1985-02-05 00:00:00.0000000,0,7,30,-13
1985-02-06 00:00:00.0000000,1.3,6,41,15
1985-02-07 00:00:00.0000000,0,6,34,13
1985-02-08 00:00:00.0000000,0,5,22,7
1985-02-09 00:00:00.0000000,0,5,22,1
1985-02-10 00:00:00.0000000,0,5,28,-3
1985-02-11 00:00:00.0000000,0,4,35,-3
1985-02-12 00:00:00.0000000,0,2,51,21
1985-02-13 00:00:00.0000000,0.20000000000000001,1,63,24
1985-02-14 00:00:00.0000000,0.59999999999999998,1,25,18
1985-02-15 00:00:00.0000000,0.69999999999999996,2,31,14
1985-02-16 00:00:00.0000000,0,2,26,-3
1985-02-17 00:00:00.0000000,0,1,36,-1
1985-04-09 00:00:00.0000000,4.2000000000000002,4,46,25
1985-12-18 00:00:00.0000000,0.29999999999999999,1,30,10
1985-12-21 00:00:00.0000000,0.5,1,30,14
1985-12-22 00:00:00.0000000,0,1,24,-1
1985-12-25 00:00:00.0000000,1.2,1,43,12
1985-12-26 00:00:00.0000000,0.20000000000000001,1,20,0
1985-12-27 00:00:00.0000000,0.29999999999999999,1,34,0
1986-01-15 00:00:00.0000000,0.80000000000000004,1,25,-2
1986-01-16 00:00:00.0000000,0,1,29,-2
1986-01-20 00:00:00.0000000,,4,52,30
1986-01-21 00:00:00.0000000,2.3999999999999999,5,33,29
1986-01-22 00:00:00.0000000,0,3,37,23
1986-01-23 00:00:00.0000000,0,3,46,30
1986-01-24 00:00:00.0000000,0,2,40,13
1986-01-25 00:00:00.0000000,0,2,40,13
1986-01-26 00:00:00.0000000,0,1,39,34
1986-01-27 00:00:00.0000000,1.1000000000000001,2,35,11
1986-01-28 00:00:00.0000000,0.59999999999999998,2,17,2
1986-01-29 00:00:00.0000000,0,2,18,2
1986-01-30 00:00:00.0000000,0.5,3,32,12
1986-01-31 00:00:00.0000000,0,2,29,10
1986-02-01 00:00:00.0000000,0,1,37,10
1986-02-11 00:00:00.0000000,6.5999999999999996,7,29,17
1986-02-12 00:00:00.0000000,0.69999999999999996,7,28,9
1986-02-13 00:00:00.0000000,0.40000000000000002,6,25,0
1986-02-14 00:00:00.0000000,0,4,23,0
1986-02-15 00:00:00.0000000,1.2,5,31,19
1986-02-16 00:00:00.0000000,0,3,33,16
1986-02-17 00:00:00.0000000,0,2,40,23
1986-02-25 00:00:00.0000000,2.7999999999999998,2,32,15
1986-02-27 00:00:00.0000000,2.1000000000000001,2,38,12
1986-03-07 00:00:00.0000000,1.5,1,36,18
1987-01-02 00:00:00.0000000,3.5,4,37,26
1987-01-03 00:00:00.0000000,0.40000000000000002,3,36,31
1987-01-04 00:00:00.0000000,0,1,36,15
1987-01-05 00:00:00.0000000,0,1,32,5
1987-01-06 00:00:00.0000000,0,1,34,5
1987-01-23 00:00:00.0000000,5.5,6,30,18
1987-01-24 00:00:00.0000000,0.5,6,19,-8
1987-01-25 00:00:00.0000000,0,4,17,-6
1987-01-26 00:00:00.0000000,0,3,22,3
1987-01-27 00:00:00.0000000,0,2,27,-6
1987-01-28 00:00:00.0000000,0,2,28,-6
1987-01-29 00:00:00.0000000,0,1,27,8
1987-01-30 00:00:00.0000000,0,1,43,23
1987-01-31 00:00:00.0000000,0.69999999999999996,1,46,28
1987-02-01 00:00:00.0000000,0.80000000000000004,1,36,18
1987-02-09 00:00:00.0000000,1.3999999999999999,1,44,15
1987-04-04 00:00:00.0000000,7.7999999999999998,6,34,28
1987-04-05 00:00:00.0000000,4.7000000000000002,9,35,31
1987-04-06 00:00:00.0000000,0,4,45,31
1987-04-07 00:00:00.0000000,0,1,46,37
1987-11-11 00:00:00.0000000,5.4000000000000004,5,34,24
1987-11-12 00:00:00.0000000,0.20000000000000001,3,35,19
1987-11-13 00:00:00.0000000,0,1,43,24
1987-11-21 00:00:00.0000000,1.3999999999999999,1,38,17
1987-12-17 00:00:00.0000000,1.3,1,31,27
1987-12-29 00:00:00.0000000,0.59999999999999998,1,41,30
1988-01-08 00:00:00.0000000,2.5,3,21,2
1988-01-09 00:00:00.0000000,0,3,27,13
1988-01-10 00:00:00.0000000,0,2,27,7
1988-01-11 00:00:00.0000000,0,2,30,-6
1988-01-12 00:00:00.0000000,0,1,36,-6
1988-03-16 00:00:00.0000000,1.3999999999999999,1,30,20
1988-03-20 00:00:00.0000000,1.2,1,42,28
1988-03-21 00:00:00.0000000,2.3999999999999999,2,36,20
1988-12-11 00:00:00.0000000,0.5,1,32,6
1988-12-14 00:00:00.0000000,0.59999999999999998,1,32,18
1988-12-17 00:00:00.0000000,1.3999999999999999,1,28,18
1988-12-18 00:00:00.0000000,0.59999999999999998,1,26,16
1988-12-19 00:00:00.0000000,0.29999999999999999,1,30,16
1989-01-04 00:00:00.0000000,1.8,2,33,21
1989-01-05 00:00:00.0000000,0.5,1,30,9
1989-02-04 00:00:00.0000000,1,1,34,11
1989-02-26 00:00:00.0000000,0.80000000000000004,1,38,8
1989-02-27 00:00:00.0000000,1.5,2,37,24
1989-02-28 00:00:00.0000000,0,1,35,13
1989-03-07 00:00:00.0000000,1.2,1,33,15
1989-03-08 00:00:00.0000000,0,1,25,16
1989-11-18 00:00:00.0000000,0.59999999999999998,1,36,24
1989-11-23 00:00:00.0000000,1.3999999999999999,1,31,14
1989-12-03 00:00:00.0000000,1.3,1,50,21
1989-12-04 00:00:00.0000000,0,1,28,19
1989-12-09 00:00:00.0000000,3.3999999999999999,3,26,3
1989-12-10 00:00:00.0000000,0,1,32,3
1989-12-11 00:00:00.0000000,0,1,30,14
1989-12-16 00:00:00.0000000,5.2000000000000002,5,31,2
1989-12-17 00:00:00.0000000,0,5,11,-15
1989-12-18 00:00:00.0000000,0,5,17,-11
1989-12-19 00:00:00.0000000,0,3,26,-11
1989-12-20 00:00:00.0000000,0.20000000000000001,3,20,6
1989-12-21 00:00:00.0000000,0,3,24,0
1989-12-22 00:00:00.0000000,0.40000000000000002,3,15,-16
1989-12-23 00:00:00.0000000,0,3,6,-16
1989-12-24 00:00:00.0000000,0,3,17,-12
1989-12-25 00:00:00.0000000,0,3,20,-12
1989-12-26 00:00:00.0000000,2.7999999999999998,6,26,13
1989-12-27 00:00:00.0000000,0,5,26,-12
1989-12-28 00:00:00.0000000,0.29999999999999999,5,30,-5
1989-12-29 00:00:00.0000000,0,4,30,13
1989-12-30 00:00:00.0000000,0,3,38,12
1990-01-13 00:00:00.0000000,2.1000000000000001,2,32,21
1990-01-26 00:00:00.0000000,1,1,62,27
1990-03-24 00:00:00.0000000,1.3,1,55,28
1990-04-04 00:00:00.0000000,0.80000000000000004,1,39,32
1990-12-05 00:00:00.0000000,0.59999999999999998,1,36,24
1990-12-28 00:00:00.0000000,3.2999999999999998,3,37,18
1991-01-07 00:00:00.0000000,1.2,1,39,29
1991-01-27 00:00:00.0000000,1.5,2,31,5
1991-02-15 00:00:00.0000000,0.69999999999999996,1,42,20
1991-02-16 00:00:00.0000000,0,1,22,5
1991-02-17 00:00:00.0000000,0.20000000000000001,1,29,5
1991-03-14 00:00:00.0000000,2.2999999999999998,2,34,30
1991-03-15 00:00:00.0000000,0,1,37,23
1991-03-30 00:00:00.0000000,2.7999999999999998,3,61,27
1992-01-16 00:00:00.0000000,1,1,27,7
1992-01-17 00:00:00.0000000,0,1,24,5
1992-01-18 00:00:00.0000000,0.20000000000000001,1,30,16
1992-01-19 00:00:00.0000000,0,1,22,-2
1992-01-20 00:00:00.0000000,2.7999999999999998,3,23,1
1992-01-21 00:00:00.0000000,1.2,4,32,22
1992-01-22 00:00:00.0000000,0,1,47,19
1992-01-24 00:00:00.0000000,0.90000000000000002,1,46,25
1992-01-25 00:00:00.0000000,1.5,3,26,6
1992-01-26 00:00:00.0000000,4.5,7,24,8
1992-01-27 00:00:00.0000000,0,5,28,5
1992-01-28 00:00:00.0000000,0,2,44,6
1992-01-29 00:00:00.0000000,0,2,36,16
1992-01-30 00:00:00.0000000,0,1,35,25
1992-02-09 00:00:00.0000000,0.69999999999999996,1,32,16
1992-02-10 00:00:00.0000000,0,1,25,4
1992-02-13 00:00:00.0000000,0.59999999999999998,1,28,8
1992-03-11 00:00:00.0000000,7,7,67,18
1992-03-12 00:00:00.0000000,1,4,24,15
1992-03-13 00:00:00.0000000,0,2,31,10
1992-03-15 00:00:00.0000000,0.80000000000000004,1,33,16
1992-03-21 00:00:00.0000000,0.59999999999999998,1,42,24
1992-03-22 00:00:00.0000000,1.7,2,39,28
1992-04-02 00:00:00.0000000,0.69999999999999996,1,42,26
1992-12-05 00:00:00.0000000,0.69999999999999996,1,41,23
1992-12-11 00:00:00.0000000,9.5,10,33,30
1992-12-12 00:00:00.0000000,0,6,34,31
1992-12-13 00:00:00.0000000,0,5,36,32
1992-12-14 00:00:00.0000000,0,4,36,23
1992-12-15 00:00:00.0000000,0,3,46,23
1992-12-16 00:00:00.0000000,0,2,47,23
1992-12-26 00:00:00.0000000,1.1000000000000001,1,39,13
1993-02-14 00:00:00.0000000,0.69999999999999996,1,34,26
1993-02-15 00:00:00.0000000,0.5,1,33,27
1993-02-16 00:00:00.0000000,2.5,2,36,29
1993-02-23 00:00:00.0000000,1.2,1,39,21
1993-02-26 00:00:00.0000000,3.3999999999999999,3,26,1
1993-02-27 00:00:00.0000000,0.5,4,32,17
1993-02-28 00:00:00.0000000,0,1,34,16
1993-03-11 00:00:00.0000000,1,1,45,25
1993-03-13 00:00:00.0000000,4.2000000000000002,4,38,22
1993-03-14 00:00:00.0000000,12,16,28,10
1993-03-15 00:00:00.0000000,0,14,20,-6
1993-03-16 00:00:00.0000000,0,10,32,-4
1993-03-17 00:00:00.0000000,0,3,57,22
1993-03-18 00:00:00.0000000,0,2,40,8
1993-03-19 00:00:00.0000000,0,2,27,7
1993-03-20 00:00:00.0000000,0,2,46,9
1993-12-12 00:00:00.0000000,0.5,1,29,19
1993-12-22 00:00:00.0000000,0.5,1,33,27
1993-12-25 00:00:00.0000000,0.40000000000000002,1,28,19
1993-12-26 00:00:00.0000000,1.1000000000000001,1,30,9
1993-12-27 00:00:00.0000000,0.40000000000000002,1,17,9
1993-12-28 00:00:00.0000000,0.20000000000000001,1,23,14
1993-12-29 00:00:00.0000000,0.10000000000000001,1,22,1
1993-12-30 00:00:00.0000000,0.20000000000000001,1,28,4
1993-12-31 00:00:00.0000000,0,1,19,11
1994-01-04 00:00:00.0000000,8.1999999999999993,8,38,27
1994-01-05 00:00:00.0000000,17.600000000000001,26,30,22
1994-01-06 00:00:00.0000000,0.69999999999999996,23,26,9
1994-01-07 00:00:00.0000000,0,17,37,17
1994-01-08 00:00:00.0000000,1.2,12,38,17
1994-01-09 00:00:00.0000000,0,12,17,9
1994-01-10 00:00:00.0000000,0,12,23,-8
1994-01-11 00:00:00.0000000,0,11,27,-9
1994-01-12 00:00:00.0000000,1.2,10,37,20
1994-01-13 00:00:00.0000000,0,8,38,33
1994-01-14 00:00:00.0000000,0.90000000000000002,8,36,26
1994-01-15 00:00:00.0000000,0.59999999999999998,8,26,-1
1994-01-16 00:00:00.0000000,0,8,2,-13
1994-01-17 00:00:00.0000000,2.6000000000000001,10,28,-14
1994-01-18 00:00:00.0000000,7.7999999999999998,15,33,-2
1994-01-19 00:00:00.0000000,0,15,-1,-25
1994-01-20 00:00:00.0000000,0.69999999999999996,15,-1,-25
1994-01-21 00:00:00.0000000,0,15,12,-22
1994-01-22 00:00:00.0000000,0,14,18,-23
1994-01-23 00:00:00.0000000,0,13,32,17
1994-01-24 00:00:00.0000000,0,8,40,32
1994-01-25 00:00:00.0000000,0,6,40,33
1994-01-26 00:00:00.0000000,0,5,40,29
1994-01-27 00:00:00.0000000,0,5,34,28
1994-01-28 00:00:00.0000000,0,3,47,34
1994-02-10 00:00:00.0000000,1.2,1,31,9
1994-02-11 00:00:00.0000000,1.3,2,24,9
1994-02-12 00:00:00.0000000,1.6000000000000001,3,31,13
1994-03-03 00:00:00.0000000,12.6,13,33,26
1994-03-04 00:00:00.0000000,1.3999999999999999,10,40,31
1994-03-05 00:00:00.0000000,0,6,41,35
1994-03-06 00:00:00.0000000,0,4,43,23
1994-03-07 00:00:00.0000000,0,2,59,27
1994-03-09 00:00:00.0000000,0.59999999999999998,1,40,26
1995-01-02 00:00:00.0000000,0.80000000000000004,1,48,19
1995-01-04 00:00:00.0000000,0.40000000000000002,1,28,11
1995-01-21 00:00:00.0000000,0.69999999999999996,1,37,29
1995-01-22 00:00:00.0000000,2.6000000000000001,3,29,21
1995-01-23 00:00:00.0000000,2.7999999999999998,4,26,8
1995-01-24 00:00:00.0000000,0.59999999999999998,4,28,7
1995-01-25 00:00:00.0000000,0.5,2,25,11
1995-01-26 00:00:00.0000000,0,1,29,9
1995-01-27 00:00:00.0000000,0,1,27,9
1995-02-04 00:00:00.0000000,2.7999999999999998,3,33,14
1995-02-05 00:00:00.0000000,0.80000000000000004,2,28,7
1995-02-06 00:00:00.0000000,0,1,13,-1
1995-02-07 00:00:00.0000000,0,1,15,0
1995-02-08 00:00:00.0000000,0.69999999999999996,2,22,-1
1995-02-09 00:00:00.0000000,0,1,22,7
1995-02-10 00:00:00.0000000,0,1,30,7
1995-03-09 00:00:00.0000000,5.2000000000000002,5,35,15
1995-03-10 00:00:00.0000000,0,3,27,6
1995-11-15 00:00:00.0000000,1,2,35,32
1995-11-16 00:00:00.0000000,0.20000000000000001,1,34,26
1995-11-17 00:00:00.0000000,0.29999999999999999,1,33,29
1995-11-29 00:00:00.0000000,1.8,2,41,31
1995-12-13 00:00:00.0000000,1.2,1,23,15
1995-12-20 00:00:00.0000000,1.8,2,33,19
1995-12-21 00:00:00.0000000,2.7000000000000002,5,22,17
1995-12-22 00:00:00.0000000,0.40000000000000002,2,27,3
1995-12-23 00:00:00.0000000,1,3,24,4
1995-12-24 00:00:00.0000000,0.29999999999999999,2,27,21
1995-12-25 00:00:00.0000000,0.80000000000000004,3,26,22
1995-12-26 00:00:00.0000000,0.69999999999999996,3,27,14
1995-12-27 00:00:00.0000000,0.5,3,24,8
1995-12-28 00:00:00.0000000,0,2,25,6
1995-12-29 00:00:00.0000000,0,2,25,18
1995-12-30 00:00:00.0000000,0,1,32,8
1996-01-04 00:00:00.0000000,0.5,1,39,12
1996-01-07 00:00:00.0000000,4.7000000000000002,5,25,14
1996-01-08 00:00:00.0000000,11.4,16,16,12
1996-01-09 00:00:00.0000000,0.29999999999999999,15,20,10
1996-01-10 00:00:00.0000000,1.8,14,26,15
1996-01-11 00:00:00.0000000,0,14,22,-8
1996-01-12 00:00:00.0000000,0.29999999999999999,12,23,-4
1996-01-13 00:00:00.0000000,0.40000000000000002,11,29,22
1996-01-14 00:00:00.0000000,0,10,32,22
1996-01-15 00:00:00.0000000,0,7,55,22
1996-01-16 00:00:00.0000000,0,7,34,12
1996-01-17 00:00:00.0000000,0,4,53,12
1996-01-18 00:00:00.0000000,0,2,58,33
1996-01-25 00:00:00.0000000,1.8,2,50,21
1996-01-26 00:00:00.0000000,0,1,30,15
1996-01-31 00:00:00.0000000,1,1,36,15
1996-02-02 00:00:00.0000000,1.3,1,22,4
1996-02-03 00:00:00.0000000,0.80000000000000004,2,16,1
1996-02-04 00:00:00.0000000,0,2,12,-11
1996-02-05 00:00:00.0000000,0,2,11,-11
1996-02-06 00:00:00.0000000,0,1,20,-4
1996-02-07 00:00:00.0000000,0,1,31,7
1996-02-12 00:00:00.0000000,0.90000000000000002,1,38,20
1996-02-14 00:00:00.0000000,1.2,2,35,14
1996-02-15 00:00:00.0000000,2.7999999999999998,3,36,25
1996-02-16 00:00:00.0000000,0,1,36,20
1996-02-18 00:00:00.0000000,0.90000000000000002,1,30,15
1996-03-03 00:00:00.0000000,0.80000000000000004,1,43,15
1996-03-08 00:00:00.0000000,4.7999999999999998,5,24,7
1996-03-09 00:00:00.0000000,0.20000000000000001,3,17,7
1996-03-10 00:00:00.0000000,0,2,20,1
1996-03-21 00:00:00.0000000,1.8,2,35,29
1996-03-22 00:00:00.0000000,1.5,2,35,25
1996-11-14 00:00:00.0000000,0.5,1,35,27
1996-12-09 00:00:00.0000000,1.3999999999999999,1,43,25
1996-12-19 00:00:00.0000000,1.2,1,55,22
1997-01-11 00:00:00.0000000,0.5,1,30,8
1997-01-12 00:00:00.0000000,0,1,15,6
1997-01-17 00:00:00.0000000,1,1,33,0
1997-02-08 00:00:00.0000000,1.8,2,39,30
1997-02-09 00:00:00.0000000,1.3999999999999999,3,33,27
1997-02-10 00:00:00.0000000,0,2,33,26
1997-02-11 00:00:00.0000000,0,1,31,25
1997-02-13 00:00:00.0000000,0.59999999999999998,1,35,9
1997-02-14 00:00:00.0000000,0.59999999999999998,1,35,8
1997-12-06 00:00:00.0000000,0.80000000000000004,1,33,20
1997-12-07 00:00:00.0000000,1.3999999999999999,2,28,28
1997-12-08 00:00:00.0000000,0,1,32,28
1997-12-27 00:00:00.0000000,0.90000000000000002,1,38,31
1997-12-30 00:00:00.0000000,1.8,2,37,18
1997-12-31 00:00:00.0000000,2.2000000000000002,4,32,23
1998-01-01 00:00:00.0000000,0,2,24,2
1998-01-02 00:00:00.0000000,0,1,42,4
1998-02-05 00:00:00.0000000,4.7999999999999998,4,38,31
1998-02-06 00:00:00.0000000,0,3,35,32
1998-02-07 00:00:00.0000000,0,2,40,20
1998-03-10 00:00:00.0000000,0.59999999999999998,1,58,25
1998-03-24 00:00:00.0000000,0.5,1,45,28
1998-12-18 00:00:00.0000000,0.10000000000000001,1,37,17
1998-12-30 00:00:00.0000000,0.59999999999999998,1,40,16
1999-01-03 00:00:00.0000000,3.3999999999999999,4,37,14
1999-01-04 00:00:00.0000000,0.40000000000000002,3,39,15
1999-01-05 00:00:00.0000000,0.20000000000000001,3,16,2
1999-01-06 00:00:00.0000000,0,3,18,-5
1999-01-07 00:00:00.0000000,2.7000000000000002,6,32,14
1999-01-08 00:00:00.0000000,2.8999999999999999,8,24,14
1999-01-09 00:00:00.0000000,1.1000000000000001,2,46,18
1999-01-10 00:00:00.0000000,1.8,3,29,5
1999-01-11 00:00:00.0000000,0.5,3,23,4
1999-01-12 00:00:00.0000000,0.90000000000000002,2,44,8
1999-01-15 00:00:00.0000000,2.3999999999999999,2,33,11
1999-01-16 00:00:00.0000000,0,2,31,11
1999-02-13 00:00:00.0000000,1.1000000000000001,1,54,17
1999-02-25 00:00:00.0000000,0.80000000000000004,1,38,25
1999-03-04 00:00:00.0000000,5.2999999999999998,5,56,26
1999-03-05 00:00:00.0000000,0,3,34,16
1999-03-07 00:00:00.0000000,0.69999999999999996,1,45,14
1999-03-09 00:00:00.0000000,3.7000000000000002,4,33,8
1999-03-10 00:00:00.0000000,6.7999999999999998,9,30,23
1999-03-11 00:00:00.0000000,0.29999999999999999,7,30,3
1999-03-12 00:00:00.0000000,0,4,37,3
1999-03-13 00:00:00.0000000,0,2,42,13
1999-03-14 00:00:00.0000000,0,2,38,13
1999-03-15 00:00:00.0000000,3.7999999999999998,6,35,28
1999-03-16 00:00:00.0000000,0,3,44,18
1999-03-17 00:00:00.0000000,0,1,52,19
1999-12-29 00:00:00.0000000,1.3999999999999999,1,24,16
1999-12-30 00:00:00.0000000,0,1,39,24
2000-01-19 00:00:00.0000000,0.80000000000000004,1,26,18
2000-01-20 00:00:00.0000000,3.2999999999999998,3,33,26
2000-01-21 00:00:00.0000000,0.5,3,28,6
2000-01-22 00:00:00.0000000,0,3,15,-4
2000-01-23 00:00:00.0000000,0.90000000000000002,4,19,-5
2000-01-24 00:00:00.0000000,0,4,34,19
2000-01-25 00:00:00.0000000,0,2,29,13
2000-01-26 00:00:00.0000000,0.20000000000000001,2,23,12
2000-01-27 00:00:00.0000000,0.90000000000000002,4,25,8
2000-01-28 00:00:00.0000000,0,3,18,-1
2000-01-29 00:00:00.0000000,0,3,22,-2
2000-01-30 00:00:00.0000000,0,3,35,-2
2000-01-31 00:00:00.0000000,1.3999999999999999,4,35,22
2000-02-01 00:00:00.0000000,0.40000000000000002,3,28,22
2000-02-02 00:00:00.0000000,0.69999999999999996,4,29,20
2000-02-03 00:00:00.0000000,0,3,31,20
2000-02-04 00:00:00.0000000,2.8999999999999999,6,33,20
2000-02-05 00:00:00.0000000,0.20000000000000001,5,33,22
2000-02-06 00:00:00.0000000,0,4,33,21
2000-02-07 00:00:00.0000000,0,4,34,23
2000-02-08 00:00:00.0000000,0,3,40,13
2000-02-09 00:00:00.0000000,0,2,41,12
2000-12-07 00:00:00.0000000,1.3999999999999999,1,25,12
2000-12-08 00:00:00.0000000,0.59999999999999998,1,38,22
2000-12-19 00:00:00.0000000,1.6000000000000001,2,29,14
2000-12-20 00:00:00.0000000,0.20000000000000001,2,29,10
2000-12-21 00:00:00.0000000,0,2,22,11
2000-12-22 00:00:00.0000000,0.20000000000000001,2,31,12
2000-12-23 00:00:00.0000000,0.29999999999999999,2,13,3
2000-12-24 00:00:00.0000000,0,2,29,5
2000-12-25 00:00:00.0000000,0,1,30,6
2000-12-26 00:00:00.0000000,0,1,20,-3
2000-12-27 00:00:00.0000000,0.40000000000000002,1,22,-4
2000-12-28 00:00:00.0000000,0.59999999999999998,2,22,8
2000-12-29 00:00:00.0000000,0,2,22,5
2000-12-30 00:00:00.0000000,0,2,24,10
2000-12-31 00:00:00.0000000,0.5,2,27,12
2001-01-01 00:00:00.0000000,0,2,26,20
2001-01-02 00:00:00.0000000,0,2,25,8
2001-01-03 00:00:00.0000000,0,2,26,2
2001-01-04 00:00:00.0000000,0.29999999999999999,2,25,23
2001-01-05 00:00:00.0000000,0.20000000000000001,2,31,23
2001-01-06 00:00:00.0000000,0.80000000000000004,3,36,30
2001-01-07 00:00:00.0000000,0,2,38,19
2001-01-08 00:00:00.0000000,0,2,48,20
2001-01-09 00:00:00.0000000,0.10000000000000001,2,33,16
2001-01-10 00:00:00.0000000,0,1,24,15
2001-01-11 00:00:00.0000000,0,1,38,15
2001-01-20 00:00:00.0000000,1.6000000000000001,2,35,26
2001-01-21 00:00:00.0000000,4.7999999999999998,6,29,14
2001-01-22 00:00:00.0000000,0,6,25,10
2001-01-23 00:00:00.0000000,0,5,33,5
2001-01-24 00:00:00.0000000,0,4,40,5
2001-01-25 00:00:00.0000000,0.29999999999999999,3,39,20
2001-01-26 00:00:00.0000000,0,3,39,5
2001-01-27 00:00:00.0000000,0,2,39,26
2001-01-28 00:00:00.0000000,0,2,32,13
2001-01-29 00:00:00.0000000,0,2,35,12
2001-02-23 00:00:00.0000000,1.7,2,29,18
2001-03-06 00:00:00.0000000,1.1000000000000001,1,34,20
2001-03-07 00:00:00.0000000,0.69999999999999996,2,30,21
2001-12-29 00:00:00.0000000,0.20000000000000001,2,32,24
2001-12-30 00:00:00.0000000,0,1,26,12
2001-12-31 00:00:00.0000000,0,1,20,16
2002-01-01 00:00:00.0000000,0,1,22,9
2002-01-02 00:00:00.0000000,0,1,25,6
2002-01-07 00:00:00.0000000,6.5,7,34,31
2002-01-08 00:00:00.0000000,0.59999999999999998,6,33,21
2002-01-09 00:00:00.0000000,0,4,35,22
2002-01-10 00:00:00.0000000,0,1,46,34
2002-01-20 00:00:00.0000000,1.8,2,31,11
2002-01-21 00:00:00.0000000,0.20000000000000001,2,34,12
2002-02-27 00:00:00.0000000,0.69999999999999996,1,54,17
2002-02-28 00:00:00.0000000,0.10000000000000001,1,24,17
2002-03-22 00:00:00.0000000,0.80000000000000004,1,52,15
2002-04-06 00:00:00.0000000,0.5,1,44,24
2002-11-27 00:00:00.0000000,2.7999999999999998,3,37,28
2002-11-28 00:00:00.0000000,0,1,34,14
2002-12-01 00:00:00.0000000,1,1,46,22
2002-12-02 00:00:00.0000000,0.59999999999999998,1,30,22
2002-12-05 00:00:00.0000000,4.7000000000000002,5,26,8
2002-12-06 00:00:00.0000000,2.6000000000000001,7,29,21
2002-12-07 00:00:00.0000000,0,6,29,6
2002-12-08 00:00:00.0000000,0,4,40,18
2002-12-09 00:00:00.0000000,0,3,39,5
2002-12-10 00:00:00.0000000,0,2,32,5
2002-12-11 00:00:00.0000000,0,2,38,18
2002-12-12 00:00:00.0000000,0,2,35,31
2002-12-13 00:00:00.0000000,0,2,37,29
2002-12-26 00:00:00.0000000,0.69999999999999996,1,39,29
2003-01-06 00:00:00.0000000,2,2,31,27
2003-01-07 00:00:00.0000000,0.5,3,31,11
2003-01-08 00:00:00.0000000,0,2,37,10
2003-01-11 00:00:00.0000000,0.69999999999999996,2,32,16
2003-01-12 00:00:00.0000000,0,1,26,12
2003-01-17 00:00:00.0000000,1.5,3,23,5
2003-01-18 00:00:00.0000000,0.40000000000000002,2,24,-9
2003-01-19 00:00:00.0000000,0.40000000000000002,2,22,-9
2003-01-20 00:00:00.0000000,1.7,4,29,17
2003-01-21 00:00:00.0000000,1.1000000000000001,4,26,17
2003-01-22 00:00:00.0000000,0,3,21,-7
2003-01-23 00:00:00.0000000,0,3,17,-4
2003-01-24 00:00:00.0000000,1.1000000000000001,4,15,-4
2003-01-25 00:00:00.0000000,0,4,19,13
2003-01-26 00:00:00.0000000,0,4,26,12
2003-01-27 00:00:00.0000000,1.1000000000000001,5,26,-8
2003-01-28 00:00:00.0000000,0,5,21,-9
2003-01-29 00:00:00.0000000,1.3,5,36,21
2003-01-30 00:00:00.0000000,0,4,34,24
2003-01-31 00:00:00.0000000,0,3,38,20
2003-02-01 00:00:00.0000000,0,3,39,28
2003-02-02 00:00:00.0000000,0,2,35,32
2003-02-03 00:00:00.0000000,0,2,36,27
2003-02-07 00:00:00.0000000,3,3,35,16
2003-02-08 00:00:00.0000000,0,3,31,8
2003-02-09 00:00:00.0000000,0,2,25,9
2003-02-10 00:00:00.0000000,0.59999999999999998,1,34,23
2003-02-11 00:00:00.0000000,2.6000000000000001,5,33,11
2003-02-12 00:00:00.0000000,0.5,3,33,11
2003-02-13 00:00:00.0000000,0,1,25,15
2003-02-14 00:00:00.0000000,0,1,30,7
2003-02-15 00:00:00.0000000,2.3999999999999999,3,36,7
2003-02-16 00:00:00.0000000,3.6000000000000001,6,33,19
2003-02-17 00:00:00.0000000,18.800000000000001,21,23,19
2003-02-18 00:00:00.0000000,1.1000000000000001,20,29,22
2003-02-19 00:00:00.0000000,0,18,28,28
2003-02-20 00:00:00.0000000,0.10000000000000001,15,28,28
2003-02-21 00:00:00.0000000,0,12,44,12
2003-02-22 00:00:00.0000000,0,10,39,12
2003-02-23 00:00:00.0000000,0,7,50,31
2003-02-24 00:00:00.0000000,0,7,31,19
2003-02-25 00:00:00.0000000,0.29999999999999999,7,36,16
2003-02-26 00:00:00.0000000,0,6,24,11
2003-02-27 00:00:00.0000000,0.5,6,29,17
2003-02-28 00:00:00.0000000,0.29999999999999999,6,37,27
2003-03-01 00:00:00.0000000,0,5,42,31
2003-03-02 00:00:00.0000000,0,5,44,28
2003-03-03 00:00:00.0000000,0.29999999999999999,4,38,5
2003-03-04 00:00:00.0000000,0,4,26,5
2003-03-05 00:00:00.0000000,0,3,51,20
2003-03-06 00:00:00.0000000,0,3,51,30
2003-03-07 00:00:00.0000000,0,1,31,20
2003-11-29 00:00:00.0000000,0.20000000000000001,1,61,28
2003-12-06 00:00:00.0000000,1.5,2,38,30
2003-12-07 00:00:00.0000000,0.5,2,34,27
2003-12-14 00:00:00.0000000,2.5,3,33,15
2003-12-15 00:00:00.0000000,0.80000000000000004,3,33,28
2003-12-16 00:00:00.0000000,0,2,31,15
2003-12-17 00:00:00.0000000,1,2,58,15
2003-12-18 00:00:00.0000000,0.20000000000000001,2,31,24
2003-12-19 00:00:00.0000000,0,2,31,20
2003-12-20 00:00:00.0000000,0.90000000000000002,2,30,26
2003-12-21 00:00:00.0000000,0,2,28,10
2003-12-22 00:00:00.0000000,0,1,43,21
2004-01-09 00:00:00.0000000,0.59999999999999998,1,28,18
2004-01-10 00:00:00.0000000,0,1,27,4
2004-01-11 00:00:00.0000000,0,1,27,4
2004-01-24 00:00:00.0000000,1.5,2,20,6
2004-01-25 00:00:00.0000000,0,2,22,-4
2004-01-26 00:00:00.0000000,1.8,3,21,-2
2004-01-27 00:00:00.0000000,0,3,33,20
2004-01-28 00:00:00.0000000,0.5,3,38,16
2004-01-29 00:00:00.0000000,0.29999999999999999,3,24,16
2004-01-30 00:00:00.0000000,2.5,5,27,11
2004-01-31 00:00:00.0000000,0,5,16,1
2004-02-01 00:00:00.0000000,0,4,19,-6
2004-02-02 00:00:00.0000000,0,4,27,-6
2004-02-03 00:00:00.0000000,0,2,46,5
2004-02-04 00:00:00.0000000,0,1,39,27
2004-02-05 00:00:00.0000000,0,1,35,21
2004-02-08 00:00:00.0000000,0.5,1,31,12
2004-03-09 00:00:00.0000000,1.1000000000000001,1,38,28
2004-12-20 00:00:00.0000000,0.80000000000000004,1,36,0
2004-12-21 00:00:00.0000000,0,1,15,-1
2004-12-27 00:00:00.0000000,0.69999999999999996,1,30,14
2005-01-17 00:00:00.0000000,1.5,2,27,9
2005-01-18 00:00:00.0000000,0,2,17,-5
2005-01-19 00:00:00.0000000,0,2,21,-4
2005-01-20 00:00:00.0000000,0.90000000000000002,2,31,20
2005-01-21 00:00:00.0000000,0,1,27,12
2005-01-22 00:00:00.0000000,0.20000000000000001,1,20,6
2005-01-23 00:00:00.0000000,0.80000000000000004,2,36,5
2005-01-24 00:00:00.0000000,0,2,19,-3
2005-01-25 00:00:00.0000000,0,2,25,3
2005-01-26 00:00:00.0000000,0,1,43,25
2005-01-30 00:00:00.0000000,1.7,2,37,14
2005-01-31 00:00:00.0000000,0,1,39,10
2005-02-25 00:00:00.0000000,3.5,4,30,23
2005-02-26 00:00:00.0000000,0.20000000000000001,1,35,21
2005-03-01 00:00:00.0000000,2.8999999999999999,3,35,28
2005-03-02 00:00:00.0000000,3.1000000000000001,6,30,21
2005-03-03 00:00:00.0000000,1.7,5,26,14
2005-03-04 00:00:00.0000000,0.10000000000000001,2,31,6
2005-03-05 00:00:00.0000000,1,2,37,6
2005-03-08 00:00:00.0000000,1,1,63,21
2005-03-09 00:00:00.0000000,0.20000000000000001,1,26,12
2005-03-12 00:00:00.0000000,0.80000000000000004,1,38,23
2005-10-25 00:00:00.0000000,3.2000000000000002,3,47,32
2005-11-23 00:00:00.0000000,0.20000000000000001,2,43,24
2005-12-09 00:00:00.0000000,3,3,35,7
2005-12-10 00:00:00.0000000,0,3,27,21
2005-12-11 00:00:00.0000000,0,3,38,18
2005-12-12 00:00:00.0000000,0.80000000000000004,4,34,25
2005-12-13 00:00:00.0000000,0,4,29,4
2005-12-14 00:00:00.0000000,0,3,27,4
2005-12-15 00:00:00.0000000,0,3,31,9
2005-12-16 00:00:00.0000000,0.69999999999999996,2,37,29
2005-12-17 00:00:00.0000000,0,2,36,19
2005-12-18 00:00:00.0000000,0,1,37,19
2005-12-19 00:00:00.0000000,0.29999999999999999,1,39,21
2006-02-06 00:00:00.0000000,0.90000000000000002,1,31,25
2006-02-12 00:00:00.0000000,0.20000000000000001,2,33,24
2006-02-13 00:00:00.0000000,0,1,30,12
2006-02-28 00:00:00.0000000,,2,30,20
2006-12-04 00:00:00.0000000,0.10000000000000001,1,47,20
2007-01-10 00:00:00.0000000,1.5,1,41,21
2007-01-22 00:00:00.0000000,3.6000000000000001,2,32,20
2007-01-23 00:00:00.0000000,0,1,35,27
2007-01-24 00:00:00.0000000,0,1,32,27
2007-01-25 00:00:00.0000000,0.29999999999999999,1,32,24
2007-01-26 00:00:00.0000000,0.29999999999999999,1,27,5
2007-01-27 00:00:00.0000000,0,1,39,13
2007-01-29 00:00:00.0000000,1.5,1,31,11
2007-01-30 00:00:00.0000000,0,1,24,11
2007-01-31 00:00:00.0000000,1.2,2,29,12
2007-02-01 00:00:00.0000000,0,1,24,12
2007-02-02 00:00:00.0000000,0.20000000000000001,1,32,22
2007-02-03 00:00:00.0000000,1.3999999999999999,2,32,1
2007-02-04 00:00:00.0000000,0,1,27,0
2007-02-05 00:00:00.0000000,0,1,19,-1
2007-02-06 00:00:00.0000000,0,1,11,-9
2007-02-07 00:00:00.0000000,1.7,2,14,-9
2007-02-08 00:00:00.0000000,0,1,20,3
2007-02-09 00:00:00.0000000,0,1,21,4
2007-02-10 00:00:00.0000000,0,1,24,5
2007-02-11 00:00:00.0000000,0,1,24,0
2007-02-13 00:00:00.0000000,1.1000000000000001,2,39,14
2007-02-14 00:00:00.0000000,2.1000000000000001,1,36,28
2007-02-15 00:00:00.0000000,1.8,2,32,-1
2007-02-16 00:00:00.0000000,0.20000000000000001,2,18,-1
2007-02-17 00:00:00.0000000,0,2,23,-1
2007-02-18 00:00:00.0000000,1.2,3,31,2
2007-02-19 00:00:00.0000000,1.7,5,25,10
2007-02-20 00:00:00.0000000,0,3,45,12
2007-02-23 00:00:00.0000000,0.80000000000000004,1,40,24
2007-03-07 00:00:00.0000000,1.1000000000000001,1,28,12
2007-03-08 00:00:00.0000000,3.6000000000000001,3,31,1
2007-03-17 00:00:00.0000000,2.7000000000000002,3,36,22
2007-03-18 00:00:00.0000000,0,2,33,16
2007-04-08 00:00:00.0000000,2.2000000000000002,3,33,23
2007-12-05 00:00:00.0000000,2.2999999999999998,2,32,24
2007-12-06 00:00:00.0000000,3.6000000000000001,5,27,2
2007-12-07 00:00:00.0000000,0.40000000000000002,4,30,1
2007-12-08 00:00:00.0000000,0,1,35,23
2007-12-17 00:00:00.0000000,0.10000000000000001,1,43,25
2008-01-02 00:00:00.0000000,0.69999999999999996,1,35,17
2008-01-03 00:00:00.0000000,0,1,29,11
2008-01-15 00:00:00.0000000,0.69999999999999996,1,31,23
2008-01-16 00:00:00.0000000,0.29999999999999999,1,26,21
2008-01-27 00:00:00.0000000,0.59999999999999998,1,31,19
2008-02-12 00:00:00.0000000,1,1,21,5
2008-02-14 00:00:00.0000000,1,2,35,12
2008-02-22 00:00:00.0000000,2.3999999999999999,3,29,2
2008-02-27 00:00:00.0000000,0.80000000000000004,1,41,22
2008-02-28 00:00:00.0000000,0.59999999999999998,1,24,11
2008-03-09 00:00:00.0000000,1.2,1,33,19
2008-11-18 00:00:00.0000000,0.80000000000000004,1,36,23
2008-11-19 00:00:00.0000000,0.5,1,34,18
2008-11-26 00:00:00.0000000,0.80000000000000004,1,36,32
2008-12-07 00:00:00.0000000,0.90000000000000002,1,30,19
2008-12-08 00:00:00.0000000,0,1,23,10
2008-12-12 00:00:00.0000000,2,1,35,30
2008-12-13 00:00:00.0000000,0.29999999999999999,1,31,15
2008-12-14 00:00:00.0000000,0,1,31,14
2008-12-16 00:00:00.0000000,1.2,1,64,27
2009-01-01 00:00:00.0000000,0.59999999999999998,1,30,11
2009-01-12 00:00:00.0000000,0.69999999999999996,1,28,21
2009-01-15 00:00:00.0000000,2.6000000000000001,3,18,10
2009-01-16 00:00:00.0000000,0.20000000000000001,2,15,-4
2009-01-17 00:00:00.0000000,0,2,10,-13
2009-01-18 00:00:00.0000000,0.20000000000000001,2,33,-13
2009-01-19 00:00:00.0000000,2.1000000000000001,4,33,17
2009-01-20 00:00:00.0000000,0.29999999999999999,3,23,8
2009-01-21 00:00:00.0000000,0.29999999999999999,3,22,8
2009-01-22 00:00:00.0000000,0,3,24,6
2009-01-23 00:00:00.0000000,0,3,41,12
2009-01-27 00:00:00.0000000,1.7,2,25,18
2009-01-28 00:00:00.0000000,1.8,2,32,19
2009-01-29 00:00:00.0000000,0.29999999999999999,2,36,22
2009-01-30 00:00:00.0000000,0.59999999999999998,2,28,22
2009-01-31 00:00:00.0000000,0.69999999999999996,3,27,9
2009-02-01 00:00:00.0000000,0,2,40,8
2009-02-22 00:00:00.0000000,0.5,1,46,11
2009-02-23 00:00:00.0000000,0.59999999999999998,1,28,19
2009-04-07 00:00:00.0000000,0.59999999999999998,1,54,31
2009-12-19 00:00:00.0000000,4.2000000000000002,3,39,24
2009-12-20 00:00:00.0000000,3,6,27,21
2009-12-21 00:00:00.0000000,0.69999999999999996,5,31,21
2009-12-22 00:00:00.0000000,0.5,4,32,27
2009-12-23 00:00:00.0000000,0,3,33,24
2009-12-24 00:00:00.0000000,0,3,29,8
2009-12-25 00:00:00.0000000,0,2,39,8
2009-12-29 00:00:00.0000000,1.6000000000000001,2,26,20
2009-12-30 00:00:00.0000000,0,1,26,7
2009-12-31 00:00:00.0000000,1,2,33,11
2010-01-02 00:00:00.0000000,1,1,33,15
2010-01-03 00:00:00.0000000,0,1,18,6
2010-01-04 00:00:00.0000000,1.3999999999999999,2,17,6
2010-01-05 00:00:00.0000000,1.6000000000000001,3,22,14
2010-01-06 00:00:00.0000000,1.7,3,23,19
2010-01-07 00:00:00.0000000,0.5,3,24,21
2010-01-08 00:00:00.0000000,3.3999999999999999,5,25,12
2010-01-09 00:00:00.0000000,1.3,6,20,12
2010-01-10 00:00:00.0000000,0,4,25,-2
2010-01-11 00:00:00.0000000,0,3,25,-2
2010-01-12 00:00:00.0000000,0.29999999999999999,3,25,2
2010-01-13 00:00:00.0000000,0,3,28,20
2010-01-14 00:00:00.0000000,0,3,33,12
2010-01-16 00:00:00.0000000,0,1,42,32
2010-01-26 00:00:00.0000000,0.69999999999999996,1,49,29
2010-01-28 00:00:00.0000000,0.5,1,34,25
2010-02-06 00:00:00.0000000,14.1,14,37,26
2010-02-07 00:00:00.0000000,8,16,29,-3
2010-02-08 00:00:00.0000000,0,14,26,-3
2010-02-09 00:00:00.0000000,0,12,33,-3
2010-02-10 00:00:00.0000000,4.0999999999999996,15,34,14
2010-02-11 00:00:00.0000000,1.8,14,24,12
2010-02-12 00:00:00.0000000,0.80000000000000004,14,27,22
2010-02-13 00:00:00.0000000,0.5,14,30,21
2010-02-14 00:00:00.0000000,0.5,13,27,21
2010-02-15 00:00:00.0000000,0,12,26,1
2010-02-16 00:00:00.0000000,2.2000000000000002,14,28,2
2010-02-17 00:00:00.0000000,2.8999999999999999,16,26,13
2010-02-18 00:00:00.0000000,0.10000000000000001,15,30,24
2010-02-19 00:00:00.0000000,0,14,32,27
2010-02-20 00:00:00.0000000,0,12,37,9
2010-02-21 00:00:00.0000000,0,11,41,9
2010-02-22 00:00:00.0000000,0,10,40,25
2010-02-23 00:00:00.0000000,0,8,43,31
2010-02-24 00:00:00.0000000,0,7,35,24
2010-02-25 00:00:00.0000000,0.5,7,38,24
2010-02-26 00:00:00.0000000,2.8999999999999999,9,30,21
2010-02-27 00:00:00.0000000,6.7999999999999998,15,29,24
2010-02-28 00:00:00.0000000,1.1000000000000001,11,35,26
2010-03-01 00:00:00.0000000,0,9,37,30
2010-03-02 00:00:00.0000000,0,7,39,25
2010-03-03 00:00:00.0000000,0,6,37,27
2010-03-04 00:00:00.0000000,0,6,37,19
2010-03-05 00:00:00.0000000,0,6,41,15
2010-03-06 00:00:00.0000000,0,6,42,15
2010-03-07 00:00:00.0000000,0,5,43,15
2010-03-09 00:00:00.0000000,0,1,53,19
2010-12-07 00:00:00.0000000,0.80000000000000004,1,25,16
2010-12-08 00:00:00.0000000,0,1,24,16
2010-12-13 00:00:00.0000000,1.3999999999999999,1,42,19
2010-12-14 00:00:00.0000000,0.20000000000000001,1,19,10
2010-12-15 00:00:00.0000000,0,1,18,10
2010-12-16 00:00:00.0000000,0,1,22,7
2010-12-17 00:00:00.0000000,0.40000000000000002,1,23,14
2010-12-18 00:00:00.0000000,0,1,30,22
2010-12-19 00:00:00.0000000,0,1,30,7
2010-12-26 00:00:00.0000000,0.20000000000000001,1,28,22
2010-12-27 00:00:00.0000000,0.29999999999999999,1,25,19
2011-01-07 00:00:00.0000000,0.69999999999999996,1,33,19
2011-01-08 00:00:00.0000000,2.5,4,26,17
2011-01-09 00:00:00.0000000,0,3,21,12
2011-01-10 00:00:00.0000000,0,2,25,4
2011-01-11 00:00:00.0000000,0,1,26,5
2011-01-12 00:00:00.0000000,5.5,6,31,21
2011-01-13 00:00:00.0000000,0.69999999999999996,6,26,18
2011-01-14 00:00:00.0000000,0.40000000000000002,5,24,18
2011-01-15 00:00:00.0000000,0,4,27,18
2011-01-16 00:00:00.0000000,0,3,38,24
2011-01-17 00:00:00.0000000,0,3,30,11
2011-01-18 00:00:00.0000000,0,3,34,10
2011-01-19 00:00:00.0000000,0,1,47,27
2011-01-21 00:00:00.0000000,5.2999999999999998,6,28,15
2011-01-22 00:00:00.0000000,0,6,17,-6
2011-01-23 00:00:00.0000000,0,5,24,-5
2011-01-24 00:00:00.0000000,0,5,21,-6
2011-01-25 00:00:00.0000000,0,4,34,0
2011-01-26 00:00:00.0000000,0.29999999999999999,2,38,27
2011-01-27 00:00:00.0000000,1.6000000000000001,5,33,25
2011-01-28 00:00:00.0000000,0.29999999999999999,4,29,16
2011-01-29 00:00:00.0000000,0.29999999999999999,4,31,17
2011-01-30 00:00:00.0000000,0,3,36,21
2011-01-31 00:00:00.0000000,0,3,34,12
2011-02-01 00:00:00.0000000,0,3,36,12
2011-02-02 00:00:00.0000000,0,1,44,33
2011-02-08 00:00:00.0000000,1.6000000000000001,2,44,21
2011-02-09 00:00:00.0000000,0,1,26,4
2011-02-10 00:00:00.0000000,0,1,34,5
2011-02-22 00:00:00.0000000,4.5,3,40,18
2011-02-23 00:00:00.0000000,0,2,30,17
2011-02-24 00:00:00.0000000,0,2,38,23
2011-03-07 00:00:00.0000000,1.5,2,33,21
2012-01-03 00:00:00.0000000,0.59999999999999998,1,31,19
2012-01-04 00:00:00.0000000,0.59999999999999998,1,22,10
2012-01-13 00:00:00.0000000,1,1,46,18
2012-01-14 00:00:00.0000000,0.80000000000000004,2,20,17
2012-01-15 00:00:00.0000000,0,1,24,10
2012-01-16 00:00:00.0000000,0,1,26,10
2012-01-20 00:00:00.0000000,1.6000000000000001,2,36,6
2012-01-21 00:00:00.0000000,0.5,1,30,6
2012-01-22 00:00:00.0000000,0,1,28,16
2012-02-11 00:00:00.0000000,1.3,1,35,29
2012-02-12 00:00:00.0000000,0.5,2,30,14
2012-02-13 00:00:00.0000000,0.20000000000000001,2,23,11
2012-02-25 00:00:00.0000000,0.5,1,57,28
2012-12-22 00:00:00.0000000,2,3,32,29
2012-12-23 00:00:00.0000000,0,2,32,16
2012-12-27 00:00:00.0000000,3.7999999999999998,2,35,21
2012-12-28 00:00:00.0000000,0,2,30,28
2012-12-29 00:00:00.0000000,2.5,5,33,17
2012-12-30 00:00:00.0000000,1.5,6,32,26
2012-12-31 00:00:00.0000000,0.20000000000000001,5,28,13
2013-01-01 00:00:00.0000000,1.5,6,34,15
2013-01-02 00:00:00.0000000,0,6,33,20
2013-01-03 00:00:00.0000000,0,5,29,9
2013-01-04 00:00:00.0000000,0,5,35,8
2013-01-05 00:00:00.0000000,0,4,34,18
2013-01-06 00:00:00.0000000,0,3,39,17
2013-01-07 00:00:00.0000000,0,2,39,30
2013-01-08 00:00:00.0000000,0,1,34,16
2013-01-22 00:00:00.0000000,0.69999999999999996,1,28,6
2013-01-24 00:00:00.0000000,0.59999999999999998,1,18,0
2013-01-25 00:00:00.0000000,0,1,24,7
2013-01-26 00:00:00.0000000,3.5,4,23,13
2013-01-27 00:00:00.0000000,0,4,29,7
2013-01-28 00:00:00.0000000,0,2,33,6
2013-02-01 00:00:00.0000000,1.5,4,30,14
2013-02-02 00:00:00.0000000,0,3,18,4
2013-02-03 00:00:00.0000000,2,4,25,8
2013-02-04 00:00:00.0000000,1.2,4,28,18
2013-02-05 00:00:00.0000000,2.6000000000000001,4,32,18
2013-02-06 00:00:00.0000000,1.1000000000000001,5,34,29
2013-02-07 00:00:00.0000000,0,4,34,13
2013-02-09 00:00:00.0000000,0,2,38,25
2013-02-10 00:00:00.0000000,0,1,35,13
2013-02-14 00:00:00.0000000,1.3,1,40,24
2013-02-17 00:00:00.0000000,1.1000000000000001,1,30,15
2013-02-18 00:00:00.0000000,0,1,23,7
2013-02-21 00:00:00.0000000,0.5,1,23,19
2013-03-03 00:00:00.0000000,1.5,2,30,23
2013-03-06 00:00:00.0000000,3.2999999999999998,3,49,24
2013-03-07 00:00:00.0000000,0,1,40,31
2013-03-25 00:00:00.0000000,3.7999999999999998,4,43,28
2013-03-26 00:00:00.0000000,0,2,36,32
2013-11-12 00:00:00.0000000,3.2000000000000002,3,51,27
2013-11-13 00:00:00.0000000,0.29999999999999999,1,51,19
2013-11-18 00:00:00.0000000,0,5,64,47
2013-11-23 00:00:00.0000000,0,2,54,33
2013-11-24 00:00:00.0000000,0.29999999999999999,1,39,16
2013-11-26 00:00:00.0000000,0.80000000000000004,1,37,11
2013-11-27 00:00:00.0000000,1,1,35,31
2013-11-28 00:00:00.0000000,0.10000000000000001,1,31,15
2013-12-07 00:00:00.0000000,0.10000000000000001,1,37,27
2013-12-09 00:00:00.0000000,1.7,2,34,21
2013-12-17 00:00:00.0000000,0.59999999999999998,1,35,22
