,January,February,March,April,May,June,July,August,September,October,November,December,Year
ABW,24.4865112305,24.3759155273,24.4852294922,25.0442504883,25.843963623,26.5661621094,27.9312133789,28.972869873,28.6395568848,27.9595336914,27.0270996094,25.6469116211,26.414934794108337
AFG,-2.5174616495776334,0.6378992716491003,5.298098754880666,10.619677734374669,17.660970052078664,24.279721069338667,26.063328043624665,23.61960144042467,18.815036010742336,11.065617879234066,3.400249226887633,-0.9684315999403535,11.497858852809763
AGO,21.96760293711956,22.574804554819565,22.92712800399348,23.362668908167397,23.342864326808694,22.464915399965214,22.77050515879783,24.03021439261957,25.311855813734788,25.395088527515224,23.65116948666739,22.044531780741305,23.320279107579164
AIA,24.2325744629,23.711227417,23.52169799805,23.7218017578,24.2826690674,24.95240783695,26.0333099365,27.263122558600003,27.8080749512,27.6124420166,26.68388366695,25.2989654541,25.426848093670827
ALB,5.652760823566666,4.755818684896666,6.81059773763,9.535257975266669,14.256184895833334,19.95731608073333,24.564280192066672,24.08659871416667,18.857350667333336,12.436004638666668,8.38821411132,6.781188964843333,13.006797790526946
AND,8.63433837891,8.66549682617,9.67419433594,12.1560668945,15.5284118652,20.1656188965,23.6901245117,23.6018066406,20.3056335449,15.8058776855,12.2304992676,10.3088989258,15.063913981110003
ANT,24.32835388185,24.1640014648,24.2739715576,24.83143615725,25.59240722655,26.3244018555,27.777282714850003,28.79385375975,28.4613952637,27.778427124,26.8942718506,25.49200439455,26.225983937583337
ARE,17.8442818778,20.342463902085715,24.649204799085712,28.992880684985717,33.73460170201428,38.5411376953,39.82043892995715,39.29962158204285,36.08179146902857,30.49037824358572,24.1633998326,19.649557931085717,29.46747988746429
ARG,21.387729351335103,20.84666384182952,18.39858304537385,13.982040405273846,10.992189260627889,8.780622922459003,8.318862621599614,9.52351203331552,11.942015721249232,14.166043795069807,17.16189369788635,19.81548690795548,14.609636966997932
ARM,-2.779437255858,-1.6138122558602,2.335021972655,6.161657714841999,11.685760498048,17.10828857422,22.72538452148,22.51325073242,16.05703125002,8.34534301758,1.7166320800799997,-1.2398010253908,8.584609985353
ASM,28.3461608887,28.8136901855,28.8021850586,28.7781677246,28.0807495117,27.1448669434,26.3535766602,26.1482849121,26.5323181152,26.9605407715,27.396484375,27.8609008789,27.601493835449997
ATF,27.4473876953,27.545715332,27.8832397461,27.9316101074,26.8061218262,25.4996337891,24.4862976074,24.089263916,24.3090820312,25.1295776367,26.3248291016,27.2685852051,26.226778666174997
ATG,24.17323303225,23.6622467041,23.5321502686,23.78279113765,24.3460083008,25.0001373291,26.12728881835,27.3797149658,27.8994140625,27.67916870115,26.739654541,25.31370544435,25.469626108804164
AUS,26.9504857042099,26.14300591362652,25.14921793619368,22.954294840495688,19.57744628906385,16.042210828991113,15.090521375867864,17.053786892359557,20.72028795030218,23.735485297307456,25.328897840710678,26.322816569008022,22.089038119844712
AUT,-0.0705760609021454,-0.7768887606535636,1.6355119185013636,5.648892489346364,9.779729669752728,14.602117365063636,17.278830788363635,16.098754882818184,12.39286388050909,7.068897594106364,3.935890891334545,1.770294189452,7.4470265706410155
AZE,0.9102644486862728,1.759976473720818,4.843960848722273,7.936839710582728,12.591713645240002,17.12640380859091,21.457955100318177,21.25867254083636,16.389798251072726,10.458265824749091,5.058929443363637,2.444122314456909,10.186408534194992
BDI,19.947316487633334,20.90974934893333,21.693481445300005,21.755767822266662,21.876241048166666,22.821543375633336,23.840799967433338,24.505472819,24.40587361653333,22.99780273436667,20.677785237633334,19.78389485673333,22.101310729969445
BEL,3.742299397788333,2.8178710937516662,4.243377685546666,7.372141520183334,10.425201416026669,15.173350016266664,17.381556193050002,16.719996134433334,14.540501912433337,10.274500528973334,7.113520304361667,5.104329427083333,9.575720469158195
BEN,25.860572814937505,27.892871856675,29.522048950175,28.847812652587496,27.175254821787497,25.892925262437497,25.92462921145,25.3222160339375,25.109859466537493,25.3184623718125,26.0661544799875,25.967338562012497,26.575012207028127
BFA,24.605612618571428,27.17292785643571,29.45478820802143,29.851678030821425,28.03179277692857,26.16288103376429,26.44855390275714,25.768879481714286,25.46623883928571,25.742274693085715,25.92935180664286,24.68531799315714,26.610024770098807
BGD,19.47274780275,22.33222045899,26.32593383789,29.63016052246,30.102038574209995,28.29716186523,27.4822052002,26.86468200683,25.0008605957,23.35569152832,21.72052001952001,19.12427978516,24.975708516438335
BGR,2.8036346435525,1.7410240173331253,4.71278762817375,8.241264343256251,13.2855606079125,18.638114929175003,23.2891960144,22.9166069030625,17.4052772521875,10.340187072755,6.028884887695,4.03005981445375,11.119383176163074
BHR,14.0514526367,17.1638793945,22.1148681641,26.6841430664,32.1461486816,38.1753540039,40.5373535156,39.6342163086,35.2124633789,28.4098205566,20.5592956543,15.747833252,27.536402384433334
BHS,23.3110427856375,22.402980804437497,22.342498779287496,23.1897506713875,24.694675445562503,25.9532432556125,27.016002655025,27.858989715575,28.01724243165,27.3442268371375,25.919597625725,24.5551147461,25.217113812761458
BIH,3.9155324300133336,3.120213826496,5.306584676108333,8.591176350915001,12.828745524083333,17.96908569335,21.8490854899,21.48440043131667,17.000315348316665,11.001978556315,7.384490966791667,5.621068318686668,11.339389801024389
BLR,-4.549063546316428,-6.902507237023571,-2.1018197195849853,4.719948904855,10.356604439878572,15.428338187078571,18.769880022321427,16.86625017437857,11.104182652070714,5.165418352398571,0.745954241071857,-2.8059605189734285,5.566435496012905
BLZ,21.4646835327,21.811172485350003,24.50007629395,26.4596939087,27.5604324341,28.1131439209,28.833473205525,28.75216674805,27.377830505375,24.885879516625003,23.4289703369,22.2166519165,25.450347900389584
BMU,18.0162353516,17.6033935547,17.3059082031,18.2509460449,20.2728271484,23.3811035156,25.686920166,26.768157959,26.2092285156,24.0207214355,21.6458435059,19.4331970215,21.549540201816665
BOL,22.22565179122237,22.02374749434395,21.276161595387634,20.25433911774842,20.452305843953944,20.42284915321736,20.82889757658,23.377805207912107,26.61715216386132,26.98333820543395,25.472616898389735,22.68300668817026,22.71815597801842
BRA,26.45581878392168,26.19107123180842,25.604044551344657,24.790180577643813,24.1319919012283,23.99745002679068,25.05073776920177,27.25759955211901,29.197043764905757,30.110697113307094,29.597912678680075,27.333019425384524,26.643130614694645
BRB,24.2810974121,23.988494873,23.9725036621,24.2959899902,24.7861938477,25.3908996582,26.713470459,27.9749450684,28.1673278809,27.6643981934,26.7784423828,25.3456726074,25.77995300293333
BRN,24.98931884765,25.005172729475,25.905784606925,26.661979675275,26.7826309204,26.72608184815,26.3890914917,26.575904846200004,27.156784057625,26.889236450175,26.5645828247,25.835540771475003,26.2901757558125
BTN,4.449406941738334,7.117772420252166,12.206171671547333,17.392450968418334,19.293904622383334,19.193476359033333,19.2515411377,18.451761881516664,15.995590209963334,12.375493367516668,7.784708658846167,4.272206624351665,13.148707071938944
BWA,22.768330891929168,22.74261601765416,22.129470825187497,21.369262695308333,18.56416575113333,16.095989227291668,16.483556111645836,19.60900497435833,23.572631835933336,26.432219187424995,25.090232849116664,23.371995290120832,21.519122971425347
CAF,25.321725698615385,26.858977097730776,27.254934457623072,25.708361112157693,24.190241887023078,23.628682063184627,24.655031644380763,24.542799729565385,23.830663827746157,23.18086007924615,22.743831927961537,23.858222374546152,24.647860991648397
CAN,-19.714624973986588,-19.812995935659146,-17.161242850884413,-8.650485554678282,1.728840011846466,9.835123230980471,11.481977819223763,8.778118146051318,3.5434936523438685,-2.552155091332278,-10.538080909603892,-16.223122493556858,-4.94042957910463
CCK,26.4324951172,27.1012573242,27.6895446777,27.8645629883,27.0809020996,26.2475280762,25.6429748535,25.2715454102,25.1675415039,25.3371887207,25.6018981934,25.9575805664,26.282918294274996
CHE,0.8113810221363335,0.2792002360029667,2.036855061848333,5.568491617838333,8.911570231121667,13.558883666983334,15.970108032233332,15.168009440116668,12.284754435233332,7.337463378904999,4.565317789711666,2.6016489664683333,7.424473656549942
CHL,15.296330043246604,15.56731142316482,14.087883540564826,11.004107339041964,8.444602421349286,6.588299342566004,5.747862679614802,6.10794884817711,7.639307294574286,9.319822038920178,11.529046739850893,13.745726994109283,10.423187392098336
CHN,-8.890638351439495,-6.143832959627039,-0.5054913571006898,6.119387676841774,12.397343384591377,17.023729826275492,19.096328434189896,16.97164876837674,12.146141654561788,5.66892734326906,-1.6911103599958617,-7.691759059303829,5.375056250053267
CIV,26.3275604248,27.74687848772143,28.18110220773572,27.46783447265,26.351475306914285,25.426515851707144,25.01154654365714,24.367765154157144,24.50430951800714,24.74575369698572,24.90214102608571,25.69193376814286,25.89373470488036
CMR,24.27380625406666,25.916383107495832,26.613117218020843,25.7691485087125,24.827833811441668,24.13836669921667,24.471809387212502,24.22914250691667,24.01685969034583,23.86827087401249,23.471682230637494,23.534331003820835,24.594229274325
COD,22.544533089415072,23.641166791523297,23.84472614444657,23.428006942958906,23.05547886678768,23.133492247702748,24.45240219324383,24.97410897032604,24.647345555973985,23.799102365153423,22.465354605891783,21.61986844833426,23.46713218514647
COG,24.072982788087497,25.215082168587497,25.22606277465625,24.649038314825,24.114316940312506,23.988378524787503,25.065645217887496,25.109125137325,24.329877853400003,23.89180946350625,23.356969833375,22.882476806625,24.325147151947917
COK,26.59017944336,27.52893676758,27.688214111339995,27.02229003908,25.67067260742,24.0628112793,23.0718322754,22.78640136718,23.190173339840005,23.568829345700003,24.30388793948,25.6203552246,25.092048645023336
COL,26.448325347900003,26.9105842590375,26.742737579347494,26.1229949951175,25.0726020812975,24.220008850105,25.499685668942504,27.671549224857493,28.1054466247575,27.557022857662503,26.7749824523875,26.16959762573001,26.441294797261875
COM,27.7098999023,27.8428649902,28.1712036133,28.273651123,27.2769775391,26.0006103516,24.9347229004,24.4085388184,24.5044250488,25.1220397949,26.218170166,27.327545166,26.48255411783333
CPV,21.771224975566668,21.829243977866668,22.28924051918333,22.6153869629,22.857238769516663,23.849227905266662,25.714492797850003,26.885625203466663,27.21034240723333,26.792744954416666,25.221399943033333,23.172485351583337,24.18405448065695
CRI,26.55831037247143,26.6826259068,26.85663277762857,27.30585588727143,27.610469273157147,27.234684535442856,27.438245500828568,28.235844203400003,28.32486833842857,27.95671735492857,27.193407331200003,26.712916782942862,27.34254818870833
CUB,23.56037764116364,22.895652077418184,23.66287508878182,25.155900435009087,26.92678833008182,28.14656205610909,29.27464710582728,29.61859685723637,29.14334106443636,27.590193314972733,25.95567460493637,24.64763849432727,26.381520589191666
CXR,27.6262512207,27.7301940918,27.7804870605,28.0634460449,27.7831420898,27.3208618164,26.4716491699,25.6399841309,25.6846618652,26.434753418,27.1319885254,27.4740905762,27.09512583414167
CYM,25.0548706055,24.1849365234,24.4957275391,25.4853515625,26.934753418,27.9816589355,29.0276184082,29.548248291,29.3010559082,28.4204406738,27.209564209,26.1797790527,26.985333760575
CYP,10.4535827636775,10.440101623555,12.34467315674,14.602142333975,18.6760559082,22.679130554225,27.267547607425,27.768013000475,24.2146606445,19.403144836425,14.399589538575,12.1026077270425,17.86260414123458
CZE,-0.5332845052081889,-1.5820753309465556,1.2121039496533337,5.459136962890001,9.77201334636,14.769758436422222,17.0982699924,15.370988633899998,11.7691107856,6.870680067276667,3.738884819878889,1.288380940755,7.102830674915115
DEU,0.7462493896480151,-0.3148178100583499,1.8335311889643,5.6039138793945,9.3862655639675,14.493414306640002,16.580461120604998,15.00142517091,12.10966949463,7.731692504883,4.753565979004501,2.44188079833865,7.530604298910593
DJI,22.8208211263,24.513488769533332,27.70774332683333,30.359354654933338,32.231638590500005,33.05708821613333,31.752248128233333,31.278299967433338,32.60106404623333,29.27706909183333,25.537648518866664,23.3751525879,28.709301418727776
DMA,24.216003418,23.7112426758,23.6420898438,23.9472045898,24.5191040039,25.1535339355,26.3152770996,27.5747070312,28.0469970703,27.7936706543,26.8644104004,25.4253845215,25.600802103674997
DNK,0.6525624593086666,-1.4372075398765,0.5232696533191666,4.051872253418334,8.170046488444166,13.826337178558331,16.201787312833332,14.540051778158336,11.549359639489998,7.7695083618175005,4.675875345866333,2.107152303059667,6.885884602866444
DOM,24.851119995116665,24.526570638,24.569753011066663,24.924794514983333,25.69940185546667,26.381174723283337,27.38704427081667,28.245798746716662,28.44293212888333,27.750106811516662,26.692448933916666,25.58388264975,26.254585689959722
DZA,10.82795385412392,13.217987472946485,16.397114109350003,19.990059105131085,24.58493371911892,28.53084749788244,31.81712135108513,31.268100223024327,27.02146746661486,20.563839061843247,14.99391462996487,11.574336696310269,20.898972932282962
ECU,24.06172892252,24.502933756520004,24.39042561849333,24.328369140626663,23.569950358066663,23.75725097656667,23.7013671875,22.93883666992,22.91196695964,23.170086669906663,23.503053792306662,23.755238850906665,23.715934075247777
EGY,12.560027251377027,14.496730495137836,18.404032114378374,21.47274780273513,25.896181673610812,29.17458859005405,32.048235919024314,32.02643069705407,28.47116171346756,23.069208093594597,16.670809359164867,13.515679436762165,22.31715276219673
ERI,22.38076782225833,24.34532419840833,27.055414835625,29.269119262683333,30.905484517408336,32.04682668049167,32.183430989583336,31.619636535633333,31.59187316894166,28.81722513835834,25.585899353008333,23.07232920328333,28.23944430880695
ESH,16.49026298521875,18.5911140441875,20.603099822981243,22.618446350093752,24.96757125855,28.26226997375625,30.2456188201875,30.801103591925,29.463891983037502,25.48967361449375,20.6392326354875,17.2547321319625,23.78558476765677
ESP,10.468050870030908,10.473826090492729,10.984941887128183,12.749884403113333,15.27122081410606,19.457715583566664,22.580267703893934,23.068853204903032,20.910724061909093,17.10053415008788,13.727246833564848,11.805543841742123,15.716567453711562
EST,-4.84327697754,-8.39034652710875,-4.50682449340875,2.47579574584875,7.919982910153749,13.509799957275,17.1332130432125,14.5926589965875,9.466682434077502,4.22266769409125,0.3910522460928751,-3.690811157226951,4.0233828226712225
ETH,22.45675824138649,24.319949588259465,26.091509844808108,26.627809266778375,25.32081727723244,24.314679944840535,23.530828527508103,23.776458740232435,24.666405755118923,23.321131525821613,21.50768218169189,21.3172665157919,23.937608117455856
FIN,-9.321966171265938,-12.279979705809374,-9.232498168951874,-1.846497535706156,4.9971189498897495,11.075915336603437,12.979630470274689,10.370513916015938,5.532649040222188,0.0476608276362496,-4.523740768433313,-8.121047973635969,-0.026853481930031082
FJI,27.79457855225,28.3762512207,28.347633361825,27.65479278565,26.080207824725,24.89780426025,24.03342437745,23.797676086425003,24.222778320325,24.950973510750003,25.8698120117,26.871459960925,26.074782689414587
FLK,12.4208374023,13.0350189209,11.7185821533,9.021118164065,6.872421264650001,5.09718322754,3.964126586915,4.11045837402,5.069519042965,6.315536499025001,8.21376037598,10.80690002445,8.053788503009168
FRA,5.193794019293848,4.689232103751939,5.791637073864242,8.59817227450212,11.586558948865152,16.219674775087878,19.1777454723,19.035248727509096,16.20426709725152,11.541482636421213,8.496156634704848,6.728425921812728,11.105199640447047
FRO,3.47752380371,2.616088867185,2.86441040039,4.527557373045,6.99417114258,10.27217102055,12.5574188232,12.02139282225,10.068405151365,7.285064697265,4.89321899414,3.68714904785,6.772047678627501
FSM,27.96068318683333,27.70138549803333,27.8727620443,28.195770263666663,28.56478881833333,28.81645711263333,28.73039754233333,28.6069844564,28.469401041666668,28.18076578776667,28.21914672853333,28.356496175133334,28.30625322130278
GAB,24.264432466946158,25.345010610723072,25.626556396476925,25.529496413007696,25.17933772160769,24.46815138596923,24.71563720703077,24.818058894238465,24.708925687353847,24.73317542442308,24.45282451923077,23.768643892723077,24.8008542183109
GBR,3.9306970214844,3.04659057617096,3.9276525878908,6.1298718261712,8.9235522460936,12.762584228508,14.824401855472,14.490035400392,12.512922363272,9.4146008300852,6.471137695312,4.8292175292968,8.438605346679081
GEO,-1.189483642577,-0.928924560547,2.4231392996644283,6.1107875279,11.163129534041428,15.791211809442858,21.48494611467143,22.269919259228573,15.807325090685714,8.570848737450001,3.0943472726027146,0.6557181222104286,8.771080380397798
GGY,4.51974487305,3.78552246094,4.89886474609,7.91510009766,10.7061767578,15.0568847656,17.5250244141,17.6164550781,14.9959411621,10.4936218262,6.96273803711,5.4267578125,9.991902669270834
GHA,26.829775492341664,28.380874633791667,29.17893218993333,28.50048828125,27.175076802575003,26.05392964680833,25.77443949381667,25.093381245941668,25.04112752278333,25.37195841470833,25.89763132730833,26.52143605550833,26.651587592230552
GIB,13.1962280273,13.4583740234,14.1202087402,16.3877563477,19.6794128418,24.760345459,28.1281433105,28.581451416,25.9711608887,21.3168640137,17.1023254395,14.5783996582,19.7733891805
GIN,25.39290826971818,26.902407559490907,27.894090132281818,27.857838023800003,26.507571133709096,25.22918978603636,25.07931518553636,24.644761519,24.83214499734545,24.765067360609088,24.46421397816364,24.7323663885,25.691822861182573
GLP,24.216003418,23.7112426758,23.6420898438,23.9472045898,24.5191040039,25.1535339355,26.3152770996,27.5747070312,28.0469970703,27.7936706543,26.8644104004,25.4253845215,25.600802103674997
GMB,26.0843048096,28.3454437256,30.2536315918,31.59552001955,30.87303161625,28.13432312015,27.06108093265,26.5282897949,26.4945831299,26.36875915525,27.07081604005,26.1279754639,27.91147994996666
GNB,27.10317230225,27.8701248169,28.734619140625,28.89349365235,27.8441467285,26.753150939925,26.683921813975,26.317596435575,26.485954284675003,26.544326782225,26.804756164525,27.078590393075,27.259487787883334
GNQ,24.054244995100003,25.140892028775003,25.4703826904,25.472221374525,25.17516326905,24.314277648925,24.32069396975,24.301803588875003,24.38524627685,24.5083465576,24.250183105475,23.6470565796,24.58670934041042
GRC,8.55236138237722,7.861596001518889,9.662636650934443,12.118264092337776,16.540846082888887,21.36625840928889,25.69652303058889,25.58315022786111,21.20908101399444,15.501259697816108,11.416336059573332,9.628446790901666,15.42806328667347
GRD,24.0771179199,24.0321655273,24.330291748,24.9236755371,25.4973754883,26.0937194824,27.3232116699,28.1047973633,27.7303161621,27.017791748,26.2794494629,24.9789733887,25.86574045815833
GRL,-29.07381878728631,-28.11293444426291,-26.85102927166479,-20.96536818794457,-11.29610783120919,-3.3484757464877664,-0.9621709740681238,-4.694875302522599,-11.912290573119202,-18.23152027959464,-23.36991874031267,-27.79233335411984,-17.217570291049384
GTM,21.9822518485,22.4617614746,24.98697771344285,27.20821271622857,28.416935512014284,28.83476475307143,29.32765415735714,28.71611676897143,27.1947893415,25.0694231306,23.577008928585716,22.4615740095,25.853122529530953
GUF,26.321497599283333,26.2040049235,26.4527130127,26.80992126465,26.29372660318333,25.52687581378333,26.3890431722,28.761047363300005,28.62521870928333,28.75609842933333,28.920628865566663,27.86033121743333,27.24342558118472
GUM,26.2712402344,25.5784912109,25.7493896484,26.397064209,27.2073669434,28.0766296387,28.7508239746,29.0342712402,29.0335388184,28.8968505859,28.3475646973,27.285736084,27.552413940433336
GUY,26.42274475099,26.75005493163,27.284841918940003,27.32355041504,26.040231323240004,24.761459350580004,25.13374328614,29.57016296385,30.918182373040004,30.61652221681,29.75683288575,27.771530151360004,27.695821380614166
HKG,15.6993103027,17.6786804199,20.0331726074,23.1134033203,25.9819335938,27.8005065918,28.1989440918,27.7934570312,25.6571655273,23.6044311523,20.0126647949,15.1879577637,22.56346893309167
HND,24.17719862195556,24.58907063801111,25.80112711588889,26.829789903433337,27.76140679255556,28.17215983072222,28.922617594411108,29.00906372070001,28.231584337011117,26.631757948133338,25.275210910377773,24.489508734822223,26.65754134566852
HRV,3.8963043212904,3.17854309081916,5.345208740235,8.676016235356,12.96245422363,18.10424499511,21.933432006830003,21.46130371094,17.022998046879998,11.019833374030998,7.421133422852999,5.617346191406,11.386568196615046
HTI,25.166183471675,24.85330963135,24.989021301275,25.427536010725003,26.32929992675,27.0118408203,27.98471832275,28.729377746575,28.7964248657,27.92178344725,26.8628387451,25.853416442875,26.660479227693756
HUN,0.3334121704102999,-0.57929611206155,2.32738494873125,6.45220947265875,11.0151977539125,15.91218948365,19.1148223876875,18.3208694458,13.758953094475002,7.91413116455125,4.281234741211249,2.180671691895,8.419315020243438
IDN,26.63619808750382,26.640359660135875,26.951333315316795,27.26067346470764,27.319646471329765,27.026562406819817,26.584047040864125,26.717826086144267,27.15714223148245,27.434205965233595,27.50266248397327,27.089554182447323,27.026684282996566
IMN,3.20785522461,2.3171081543,3.32232666016,5.76132202148,8.7516784668,12.6579284668,14.4847717285,14.2647094727,12.3367614746,9.3723449707,6.0944519043,4.29275512695,8.072001139325
IND,15.965430605732742,18.531562872688184,22.39753898688228,26.39714549917194,28.47167401609168,27.671140957721217,25.90092292718372,25.538874803389117,24.112316300380883,21.694868509746144,18.81260154521585,16.404799604839894,22.658239719086975
IOT,27.7537841797,27.9555358887,28.0648498535,28.2799682617,27.9030761719,26.670135498,25.8078308105,25.7015686035,26.0257263184,26.7785644531,27.2592468262,27.5278930664,27.144014994300004
IRL,5.169525146485,4.410144805906249,5.0752754211425,6.7884864807125,9.374553680421249,12.81480407715,14.8130569458,14.745288848875,12.8581771850375,10.3092041015725,7.5356063842775,6.01659011840875,9.159226099649063
IRN,4.990419981910867,7.551029893220255,12.043229900425896,16.53716240554148,22.72362830990819,28.874772869168865,31.348255595219687,29.926862873018027,25.10160952709345,17.687435462828518,10.25314130939359,6.207230364689558,17.770398207701533
IRQ,5.779455566408701,8.143484497067849,13.3812820434585,17.86503601074,23.534642028805003,29.49567108154,34.09389190673501,33.233361816404994,27.162979125979994,19.191114807125,10.783776855467,6.77188568115465,19.119715118407225
ISL,-6.816047668460667,-6.8354746500675,-6.839721679685834,-3.339136759440583,2.4302139282236506,6.1394093831375,8.5092239379875,7.978919982907501,4.7301279703775,1.4732106526696749,-2.2484868367514497,-6.404449462891417,-0.10185093349951006
ISR,8.974121093739999,10.34313354492,14.03736572264,17.12179565432,21.55997314454,25.29733276366,29.61810913086,29.68321533204,25.70567626956,19.97372436526,13.15039672852,10.21180419922,18.806387329106666
ITA,7.9239054362006,7.380336507159493,8.738406372068201,11.225385538735331,14.801372273758336,19.43098144531333,22.963995361336664,22.65246582031333,19.302739461263336,14.400684611005335,11.274266560870668,9.499609374994934,14.132845730251631
JAM,25.7768859863,25.2901611328,25.36460876465,25.7636260986,26.5008392334,27.19046020505,28.22213745115,28.9774017334,29.00970458985,28.34394836425,27.5946655273,26.6669616699,27.058450063054163
JEY,4.51974487305,3.78552246094,4.89886474609,7.91510009766,10.7061767578,15.0568847656,17.5250244141,17.6164550781,14.9959411621,10.4936218262,6.96273803711,5.4267578125,9.991902669270834
JOR,6.82608032226,8.832079206194285,13.4008745466,17.170667375842857,22.03409685408572,26.37293788365714,30.77204677037143,30.51901681081429,25.6414228167,18.774845668257143,11.011784144811427,7.759647914335714,18.259625026160833
JPN,1.9026814510962864,1.502047890113487,4.421396355878631,9.507320203278825,14.170520983244211,18.505972611276583,21.557247764189476,22.579642847955267,20.203727320618423,14.795166015624474,9.474545127470078,4.81616773103521,11.953036358481747
KAZ,-8.43936712091933,-7.276177524534804,-1.1985945268113,6.5350770556225735,14.123946513026889,20.881159758761488,24.914217105576864,22.80321559433215,14.754089355468434,6.023394371850656,-1.036222599754771,-5.68031550635985,7.20036853968825
KEN,23.87892428311364,25.27882662686364,26.277292424986364,26.38437583228182,24.75919272682727,23.528169111763635,23.094002463604543,23.54804992675,24.359673239968178,24.38430369983182,22.662234219636364,22.32589582963182,24.206745032104923
KGZ,-9.586128234864168,-6.9771550496416666,-1.7200724283860584,3.4956487019861666,10.14377593994,15.331367492667502,19.19747670491667,17.63377126059167,11.687886555986664,4.16105397542285,-3.284016927083,-7.364860534670833,4.393228954738817
KHM,23.04148254394,25.14096069338,27.72042846678,29.58970336913,28.912487792970005,27.46314697266,26.65858154299,26.64635009765,26.163772583009997,24.96849975585,23.522640991210004,21.94110717773,25.980763498941666
KIR,26.3796386719,26.7226867676,26.7914733887,27.0081481934,27.1966247559,26.9546203613,26.1557312012,25.3958435059,25.1906738281,25.2841796875,25.5902099609,25.8278808594,26.208142598483334
KNA,24.1304626465,23.6132507324,23.4222106934,23.6183776855,24.1729125977,24.8467407227,25.9393005371,27.1847229004,27.7518310547,27.564666748,26.6148986816,25.2020263672,25.338450113933334
KOR,-0.0162162780766376,0.1103706359876249,3.8797454833983753,9.2582550048975,14.1695137023875,18.421569824212497,21.0682182311875,21.313087463375,18.275001525887504,13.05689239500625,7.9048652648925,2.3468475341787496,10.815679232277864
KWT,11.5981547038,14.7052408854,20.176666259766662,24.7526550293,30.36576334633333,36.93137613933333,40.8230082194,39.895884195966666,34.47869873046667,26.485361735033337,17.467549641933335,12.679423014333333,25.863315158422225
LAO,16.480609130859335,20.304264322926663,24.43964436849333,27.19157714844,26.738472493486665,25.189646403,24.709307861333333,24.398431396480003,21.96747436524,20.633998616526664,18.352030436200003,15.081030273428668,22.12387390136789
LBN,6.82568359375,7.56826782227,10.7585144043,14.4931640625,19.4426269531,23.5686035156,28.4920959473,28.4153747559,23.8965148926,17.8041687012,10.9154052734,8.21728515625,16.69980875651417
LBR,26.189815521250004,27.101814270012497,27.4967803955125,27.305564880362496,26.6515808105625,26.0544967651375,25.580169677737494,24.743637084975,24.8691329956125,25.294303894050003,25.2286872863875,25.521980285662497,26.00316365560521
LBY,10.597007206512323,12.915778023851791,16.81261280604821,20.18958391462143,24.88807405744287,28.16550227574107,30.642687661298226,30.060167585103567,26.096961975100005,20.34055982316608,14.517795017785712,11.470000130791252,20.558060873121878
LCA,24.14680480955,23.8797454834,23.9747619629,24.38482666015,24.91780090335,25.51611328125,26.80361938475,27.998626709,28.122100830100003,27.5813598633,26.6979827881,25.2578125,25.773462931320832
LIE,-0.180450439453,-0.765533447266,1.20684814453,5.01480102539,8.54489135742,13.2403869629,15.5061645508,14.2850341797,11.3558044434,6.46139526367,3.71252441406,1.67587280273,6.671478271490083
LKA,25.24577026366,25.97400512696,27.42667236328,29.17003173826,29.51950683594,27.62014770508,27.01577758788,27.0067687988,27.15503540038,27.094714355459995,26.54251708986,25.39340820314,27.097029622391663
LSO,17.872520446775,18.05588531495,16.858078002950002,14.672065734875,11.0259704589775,8.70921325684,8.990570068337501,11.8196945190425,14.831809997575,16.149917602525,16.2213745117,17.485801696800003,14.391075134278957
LTU,-2.689379010881514,-5.347429547991429,-1.418544224329,4.285160609655714,9.407278878342856,14.969848632799998,17.984540666842857,16.02437046595714,11.172607421871431,6.11789376395,2.322291782924857,-1.0798121861065717,5.979068937753027
LUX,2.6882019043,1.89736938477,3.68307495117,7.28405761719,10.4988098145,15.4090576172,17.306640625,16.0887451172,13.5535888672,9.01040649414,6.02752685547,4.12228393555,8.964146931974168
LVA,-3.646474202474511,-6.77722167969,-2.8343234592013338,3.4960055881088885,8.69246419270889,14.235833062044447,17.632124159066663,15.440321180555555,10.444112141923334,5.313557942706666,1.479373508029778,-2.279106987847067,5.099722120494277
MAC,15.6993103027,17.6786804199,20.0331726074,23.1134033203,25.9819335938,27.8005065918,28.1989440918,27.7934570312,25.6571655273,23.6044311523,20.0126647949,15.1879577637,22.56346893309167
MAR,11.124986267079,12.596154785155,14.277169799789998,16.891658020030004,20.276036071775,24.920538330065,28.02733764649,28.285023498535004,25.144799804700007,19.89911956787,14.918507385239996,11.9553192138695,19.026387532549876
MCO,5.40875244141,4.84228515625,5.95315551758,8.45346069336,11.6864318848,16.3273620605,19.7034301758,19.3522949219,16.3923034668,11.5946350098,8.94613647461,7.20236206055,11.321884155280001
MDA,-0.4753112792973999,-1.598516845704,2.394946289062,7.075787353518,12.39419555666,17.73212890624,22.13655395508,21.48587646486,15.56294555664,8.48856201171,4.143157958986,1.4863098144524003,9.23555297851725
MDG,25.822135009768,25.895914306635994,25.756058349600004,24.884595947264003,23.012657470699995,21.63555419922,20.925832519544,21.151646728508,22.226134033196,23.954548339832,25.351816406248005,25.713464355468,23.860863138832
MDV,26.753852844250005,26.5087928772125,26.977504730225,28.013664245612496,28.816333770737497,28.49700164795,28.062397003175,27.931713104262503,27.9807510375875,27.87924575803749,27.767673492437503,27.3129005432,27.708485921223957
MEX,13.895591453268349,15.226533866226168,17.602943702977168,21.10292637200989,24.1050505461568,25.688816776980257,26.91188256534198,26.96349231107655,24.91224237135679,21.2967623486926,17.97953513816556,14.645336009836376,20.86092612184071
MHL,26.660657610214287,26.23130144392857,26.36411830355714,26.934204101571428,27.636557442785712,28.247772216814287,28.621167864128573,28.774566650385715,28.77818080355714,28.5292489188,28.12604195731429,27.40126691547143,27.69209035237738
MKD,4.287854003903999,3.3360107421880003,5.675860595702,8.616485595706,13.347595214840002,18.88677978516,23.578979492180004,23.248919677720004,17.877355957040002,11.196148681638,7.077532958979999,5.423120117188001,11.879386901853835
MLI,20.074014143509096,22.91254494407045,25.9502029419,28.40573397549091,29.49212022261364,28.9985441728,29.824620333575,29.368627374820463,28.16226543080228,26.05538662997727,23.12974687056137,20.357859524809097,26.060972213744126
MLT,13.7314453125,13.2730102539,14.2671813965,15.6850585938,18.5050964355,21.8565368652,25.2038879395,25.7511291504,23.2752380371,19.6143493652,16.6204223633,14.8988342285,18.556849161783333
MMR,17.889122962955216,21.201300621035003,24.62942600250875,26.951774597165613,26.6593694686875,25.240636825565623,24.780265808112496,24.40111637115937,22.470516204825,21.044353485110005,19.71153259277532,16.869333267216877,22.654062350593062
MNE,5.093612670900001,4.13872528076,6.2316665649425,9.2075958252,13.5168685913,18.893493652325,23.217384338375,22.883361816400004,18.090446472175,11.9621505737325,8.2561035156175,6.6058807373075,12.34144083658625
MNG,-18.23162950787572,-16.207519749232862,-8.943568638397844,-0.3398411342081999,9.144620622906942,16.07867649623243,18.26924569265714,15.250169590540429,8.825611659454712,-0.0504699707029248,-8.52667672293557,-15.58383614675814,-0.026268150693300612
MNP,25.9295654297,25.15992736815,25.34008789065,26.08013916015,26.9636993408,27.8904571533,28.67127990725,29.0423736572,29.0148162842,28.85525512695,28.1448974609,26.98588562015,27.339865366616664
MOZ,24.95584568832121,24.89650564482121,24.36814001834243,23.35016239050303,21.41107270212424,19.945794307821213,20.16885468454545,21.441537568054542,23.67991499467272,25.992679480348485,26.49099731445152,25.3290109345394,23.50254297737879
MRT,18.133341471351287,20.890925480769223,23.547064365489742,26.365079439602567,29.04990406525385,30.63646600185128,31.527660663310265,31.291595458987175,29.647840450974364,26.30434006911281,22.22279553534359,18.702211037669237,25.693268669976288
MSR,24.216003418,23.7112426758,23.6420898438,23.9472045898,24.5191040039,25.1535339355,26.3152770996,27.5747070312,28.0469970703,27.7936706543,26.8644104004,25.4253845215,25.600802103674997
MTQ,24.14680480955,23.8797454834,23.9747619629,24.38482666015,24.91780090335,25.51611328125,26.80361938475,27.998626709,28.122100830100003,27.5813598633,26.6979827881,25.2578125,25.773462931320832
MUS,26.260925293,26.98400878905,26.97967529295,26.57604980465,24.9924316406,23.2062988281,21.8168182373,21.20016479495,21.254776001,21.90466308595,23.09580993655,24.78634643555,24.088164011637502
MWI,22.46297302246,22.46082458496,21.98325805665,20.98470153809,19.32430419922,18.27571411131,19.112454223640004,20.80430603026,23.38617248535,26.02582092285,26.577087402350003,23.37309875489,22.064226277669164
MYS,24.732080874234786,25.03856493078261,25.986548382299997,26.800802479613047,27.03213235606087,26.820916217308696,26.42059989596956,26.58317632260435,26.93618774413913,26.725949494739133,26.316735309108697,25.359088400134784,26.22939853391631
MYT,27.5440368652,27.7157897949,28.040802002,28.1807250977,27.1635131836,25.7887878418,24.6751098633,24.1870422363,24.3255004883,25.0201721191,26.1260681152,27.1793823242,26.328910827633333
NAM,23.711902872726668,23.648394775390003,23.42930094401,22.65219523111,19.790980021163328,17.27932332357,17.218550618490003,19.75753784180334,22.859996541336677,24.95653889974,25.06446329752333,24.31051940917,22.056641981336114
NCL,27.029602050783332,27.74234517416667,27.506978352883333,26.15287272135,23.8892923991,22.157699584966668,21.0903523763,20.774668375633336,21.30477905273333,22.28293863931667,24.214340209966668,25.781199137383336,24.16058900621528
NER,17.424605968383258,20.325134277344198,24.42444202511629,26.930844329123264,28.257870696300003,28.64680161586745,30.067940645439545,29.38029586436512,27.84204172533488,25.09415098677442,21.23136085687674,17.798644309824645,24.785344441729148
NFK,23.0722351074,23.8954162598,23.2122192383,21.7785949707,19.7388916016,18.2182312012,17.1724853516,16.7045593262,17.0328063965,17.827911377,19.6576843262,21.1805725098,19.95763397219167
NGA,24.46775586676667,26.512861772009103,28.21512210730303,27.741459702006058,26.47078080609697,25.585305878606057,25.78345651338182,25.237901167430305,25.04950690990909,25.01005323004242,25.00948079426969,24.35684574012121,25.786710873995204
NIC,25.80623033311111,25.991943359366665,26.45987616645556,27.075191921666672,27.81976318361111,27.976399739588885,28.59652031794445,29.281470404733334,28.999545627155555,27.917087131088888,26.66284857857778,26.02749294706667,27.38453080919722
NIU,26.9984283447,27.95039367675,28.04318237305,27.40286254885,25.8472290039,24.25643920895,23.21517944335,22.91720581055,23.36053466795,23.9261169434,24.7092590332,26.01905822755,25.38715744018333
NLD,3.228951590402857,2.0440019880027145,3.4523664202000006,6.387634277345716,9.591138567251429,14.394605364128571,16.323468889514288,15.539415631985715,13.598013741628572,9.961103166851428,7.017896379742857,4.7735988072,8.859349568687845
NOR,-5.787686231663025,-8.213539681781782,-6.605748618525233,-1.8062141232375364,3.524727425923633,9.48235562952073,11.079493825028049,9.193494098942928,5.617373582791951,1.1113698075448024,-2.7186204863759027,-5.13304026533839,0.8119970802358522
NPL,2.451307816943272,5.094621138147272,10.377288818360729,16.328280362216365,20.10278320312636,20.63048206675545,19.715096213609087,18.852472478690917,15.89470048384364,11.550969904116728,6.261510675614545,2.994659423837364,12.52118104877181
NRU,27.6058959961,27.5531311035,27.8058776855,27.928314209,27.8852233887,27.8167419434,27.4711914062,27.1025085449,26.9265441895,26.868927002,27.1302185059,27.5756835938,27.472521464041666
NZL,17.269706726067856,17.283853803360717,16.14160156249286,14.347700936459288,12.344506399970715,10.973786490305002,10.207114083426786,10.192769731800718,10.921519688195,11.636740548263932,13.2298518589575,15.290009634835712,13.31993012201134
OMN,19.43250229779412,21.239234475523528,24.644258386947055,28.47022022921176,32.32604441922941,35.000678567323526,34.67974314969412,34.53103637695294,32.699716007,28.80149931066471,24.54674754424706,21.085953656352935,28.121469535078436
PAK,4.205231495392462,7.636406922954106,12.597019293374103,18.16913859049671,24.06081527318744,27.99961266150898,27.9287571051218,26.54978825495693,23.526963454028696,17.403351612575182,10.485031519177436,5.858297103488291,17.201701107188512
PAN,26.824637276785715,27.105102539071428,27.23344203404286,27.60753086635714,27.463361467628573,26.8392464774,26.856968470971427,27.368103027328573,27.373164585642854,27.273520333442857,26.943629673542866,26.5458592006,27.119547162734523
PCN,24.36962890625,25.45849609375,25.481048584,24.42346191405,22.5450744629,20.770904541,19.9197845459,19.070159912100003,18.90092468265,19.7876586914,21.097686767600003,22.8068084717,22.052636464441665
PER,22.48924382527292,22.47608311971251,22.03334617614375,21.385658264168743,21.101036071775,21.74335606893125,23.033580780025,24.82393201192292,25.883296966549995,25.04441769917501,24.111091613766664,22.96483993530417,23.09082354439566
PHL,24.980964073757697,24.950620211088463,25.94215627816924,27.474537776057687,28.40666198729616,28.39071537898077,27.98604759802693,27.947652963496147,28.112025334292312,27.700141319857696,27.00776085486154,25.92640568660385,27.068807455207377
PLW,27.924621582,27.544342041,27.6081542969,27.9381408691,28.4795837402,28.9119873047,29.0360717773,28.9477844238,28.9847106934,28.8092041016,28.7707824707,28.4970397949,28.4543685913
PNG,27.20106922495758,27.25308042584243,27.19612630208484,27.109154903524235,26.659848299899995,26.05624759558182,25.73558183150001,25.94093831380606,26.3262846975606,26.52345692027576,26.86656327680909,27.1922292998303,26.671715090972725
POL,-0.9963921440971722,-2.6955278184676112,0.6543426513675945,5.275666978623889,10.079357571066668,15.64767625596111,18.450303819444443,16.365005493177776,12.007898966472224,7.0199551052527775,3.6523946126311113,0.8225012885194498,7.190265231662688
PRI,24.8013305664,24.3350830078,24.23304748535,24.48222351075,25.1031341553,25.7647857666,26.77891540525,27.8151397705,28.22396850585,27.8553314209,26.9493713379,25.75563049315,26.008163452145833
PRK,-10.886494029658182,-9.968145197078185,-3.7570218172948175,4.787741921164545,11.449501731172726,16.360923073499997,19.040765935718184,18.327034690154548,13.871673583972727,7.248052423652727,-0.0717745694246367,-7.92375321821909,4.873208710638379
PRT,12.022450038353572,11.941345214842142,12.278224400120717,13.506925310394283,15.545022147057145,19.39157976423572,22.458971296035717,23.380072457464287,21.52707563127857,18.18491690498571,14.944499424521426,13.262963431220715,16.5370038350425
PRY,28.60021434110588,28.363787482764707,26.896105598,24.115789076876474,22.587818818923527,20.73739803538824,21.39595480524706,24.82103235582353,28.346257826864704,28.858238669005885,29.092170266535295,28.28455307903529,26.008276696297546
PSE,10.374374389645,11.41571044921,14.73554992675,17.464950561549998,21.60946655275,25.1202392578,29.45104980465,29.6586456299,26.07307434085,20.84663391115,14.582489013699998,11.75987243654,19.424338022874586
PYF,27.1081359863,27.70416259766,27.998748779299994,28.07704467776,27.58068847656,26.54696655272,25.980084228520003,25.64796142578,25.665185546880004,25.81953125002,26.16194458006,26.56192626954,26.737698364258332
QAT,16.0089035034,18.764602661125,23.321327209475,27.603660583475,32.7503662109,38.3720321655,40.36347198485,39.7038269043,35.901268005375,29.82773590085,22.631118774425,17.874595642125,28.593575795483332
REU,26.84971618655,27.37385559085,27.26293945315,26.47557067875,24.6678161621,22.9365234375,21.67404174805,21.1873779297,21.41957092285,22.408493042000003,23.875473022500003,25.6938018799,24.318765004491667
ROU,0.8105936686185999,-0.2767456054687599,3.0778198242186665,7.197062174480667,12.168806966146668,17.340529378246668,21.38612263996667,20.859739176433337,15.572570800773333,8.904298909503334,4.80810139974,2.569718424479667,9.534884813094903
RUS,-23.183153220159376,-22.959384416488813,-17.748952750125518,-8.51866989295071,2.5111292637963394,12.366966741319288,13.2930425910694,10.026635060479125,3.6890693616765113,-4.270244590424332,-13.95203300905973,-21.21270857076368,-5.829858619302624
RWA,19.9758758545,21.0158843994,21.7813720703,21.713714599600003,21.50132751465,22.77180480955,24.1474304199,24.59228515625,24.1008453369,22.2574005127,20.4629058838,19.82130432125,22.011845906566666
SAU,12.477704796425536,15.47059560922677,20.255123666610768,24.12615638146,28.40375554010769,32.77516197791232,35.13876108023078,34.73290029672614,31.09131469726308,24.895354285603084,17.881619497456924,13.53607835035954,24.23204384828189
SDN,22.11426247490001,24.33014467027362,27.037577311195843,28.04839367336389,28.08249113294861,28.489936404755557,29.83394961886528,29.822975582538888,28.68089803059168,26.342630174425004,23.353769514293063,21.97731865777223,26.509528937160308
SEN,25.200067693545453,27.27674172141818,29.05708729136364,30.16020063920909,29.7413191362,27.736536199400003,27.17593106356363,26.722939231172724,26.71026611328182,26.786038485454547,26.93890935723636,25.428530606354546,27.411213961516665
SGP,24.8840637207,24.929107666,25.8631286621,27.2997741699,28.0716247559,27.6842956543,27.2026062012,27.259185791,27.4854431152,27.4030456543,27.0667114258,25.8577880859,26.750564575191664
SHN,22.6352233887,23.7565612793,24.248046875,23.9515380859,22.3255004883,20.5992126465,19.3945617676,18.6548461914,18.4951477051,19.0199279785,20.027557373,21.3665771484,21.206225077308336
SJM,-16.406693402460586,-18.198208977184706,-19.31521965475588,-14.648582907287649,-3.8473474839158825,0.6431076947378822,1.722169763901,1.3600571576282647,-0.9342848833868236,-6.0260817583870585,-12.18287389418294,-16.34348970300764,-8.68145400402517
SLB,28.76002363726364,28.862709739000003,28.860201748936365,28.802581787118186,28.55668223988182,28.069682728145448,27.641360196209096,27.61026278409091,27.854567094272728,28.040380304509085,28.316081653945457,28.632551713436364,28.333923802234093
SLE,26.19152396068571,27.16830008371429,27.79605102538571,27.65819004605714,26.7401123047,25.953007289342857,25.77487618581429,25.160191127242857,25.2993033273,25.4557887486,25.02607073101429,25.36169433594285,26.13209243048333
SLV,24.5406799316,25.36390686035,26.8577270508,28.0662689209,29.0815124512,29.33880615235,29.8293762207,29.2402038574,28.02630615235,26.2424468994,25.02018737795,24.43898010255,27.170533498129164
SMR,4.20199584961,3.88949584961,5.74771118164,9.12390136719,13.475189209,19.0271606445,23.1667480469,22.4806518555,17.8363037109,11.3957214355,7.82080078125,6.02011108398,12.015482584631668
SOM,24.24450785319,25.207800292979996,26.77571614583333,28.319432576486665,29.153471883136664,28.615899658200007,27.075845336910007,27.23685302734667,28.32654418945333,27.11168009440333,25.15259094238,24.05188903808333,26.772685919866944
SRB,1.8848037719732496,0.9116554260257,3.6862030029287496,7.306812286378751,11.91175842285,17.0454940795875,21.2363967895375,20.835746765125,15.672309875475,9.133926391598749,5.24457550049,3.446128845215,9.859650929765433
STP,27.21601867675,27.6820526123,28.1669616699,28.4056854248,28.3337097168,27.83128356935,27.00172424315,26.4088439941,26.66011047365,27.1683654785,27.60064697265,27.4592590332,27.49455515542917
SUR,27.12975056967778,27.318427191833337,27.739651150177774,27.88756646048889,26.48534138996667,25.071865505644443,25.843166775177774,30.57537841797777,31.392730712877785,31.153466118699995,30.63941107858888,28.83920966253333,28.3396637528037
SVK,-0.5826851981028,-1.7471226283501429,1.4340471540185713,5.804539271764285,10.5261404855,15.528376988014283,18.369838169642858,17.032972063342857,12.555956159328574,7.163931710381428,3.712759835378572,1.2730712890632856,7.589318774998481
SVN,1.05503845215,0.590072631836,3.009033203125,6.8787689209,11.2332763672,16.1516418457,19.3974914551,18.84269714355,14.43630981445,8.37435913086,4.88801574707,2.9228515625,8.98162968953675
SWE,-5.657663133410156,-8.716572231712222,-6.401680840390638,-0.5578113132048055,5.188873291016278,11.349928114150556,13.561866760255,11.072995503745837,6.926430596247777,2.021658155652683,-1.7894439697270554,-4.67204115125825,1.8605449817804172
SWZ,21.698280334475,22.01762390135,20.77576446535,18.9028015137,15.9169921875,13.6685104369925,13.80781555175,16.4923477173,19.1211013794,20.291770935025,19.942955017075,20.9732437134,18.634100596109793
SYC,27.58518981935,27.66314697265,27.951110839850003,28.2994232178,27.8939666748,26.69078063965,25.67254638675,25.41426086425,25.63442993165,26.26393127445,26.9954223633,27.441925048850003,26.958844502779172
SYR,4.9012552897145,6.383394877115751,10.860758463545835,15.181241353350002,20.721832275400004,25.92472839355,30.94042968749167,30.312639872241665,24.381202697758336,16.88077545165,9.1937332153325,6.030321756997501,16.809359444512314
TCA,24.1325378418,23.4277038574,23.0791320801,23.4195861816,24.4893798828,25.2889099121,26.1368408203,27.0507507324,27.3924255371,27.1962280273,26.2590942383,25.0930480957,25.247136433908334
TCD,18.448251633417375,21.13186645507857,24.743394397554766,26.393455142066674,27.36587015787619,28.06269909086429,29.261801583423814,28.595337640666678,27.059722900390472,24.502148582811905,20.995884486611903,18.73072306314761,24.607596261159188
TGO,26.611803327285717,28.25229753767143,29.27519444055714,28.4474836077,26.99967302595714,25.89778791152857,25.7376665388,25.12172589982857,25.01295689172857,25.27809797014286,25.89317975724286,26.598096575042856,26.59383029029048
THA,21.491973876956,24.606097412128,27.74160766602,29.476861572256,28.524180908199995,26.818044433596,26.154913330088004,26.074296875008,24.723457031252,23.734442138664004,22.646668701172,20.229919433588,25.185205281577336
TJK,-11.833085378015,-9.16654332478475,-4.455635070804167,0.6382751464849998,7.26803080242,13.511538187673333,16.970733642578335,15.163976033522502,9.791773478185,2.32014211018935,-5.530497233077999,-9.916491190606331,2.063518100313773
TKL,28.5616760254,28.8561096191,28.8450622559,28.9082946777,28.6962280273,28.3628845215,27.7701721191,27.5948181152,27.8018798828,28.0309753418,28.1579284668,28.2728881836,28.32157643635
TKM,3.2576891028364354,5.223725692084782,9.57892509129,14.912488854452178,22.549062977665216,29.245350713313048,31.98333474863913,29.740497091552168,22.90075683593043,14.534394637408695,7.854599662449566,5.0150783372969565,16.399658645409882
TLS,28.767083740240004,28.288000488260003,28.15062255858,28.38010864258,28.090423584,27.4227294922,26.617578125,26.49041748048,26.94429321288,27.773223876960003,28.905383300800004,29.36152954102,27.93261617025
TON,26.8707885742,27.83923339845,27.79664611815,26.9511566162,25.15852355955,23.67832946775,22.60011291505,22.11386108395,22.5174713135,23.18222045895,24.29096984865,25.6629333496,24.888520558666666
TTO,25.1681315104,25.10802205403333,25.255513509133333,25.776774088533333,26.32846069333333,26.885640462233336,27.380147298166666,28.3568013509,28.0820719401,27.539591471366663,27.00961303713333,25.9237162272,26.567873636877774
TUN,11.652146559496922,12.514214148884616,14.682316706738458,17.047008807838463,21.134192833538464,24.93781221830769,28.6546513484,28.032696063692303,24.314356877253843,19.17060030423077,15.138925405646155,12.6934790978,19.16436669765231
TUR,3.143624556691448,3.3675994873042887,6.390411376955316,9.925182141755789,15.253986559415528,20.57350881476052,25.71906963147632,25.374660291173683,19.602698878234207,12.738907663442104,6.950365568461106,4.468924271433395,12.792411603425307
TUV,28.6764017741,28.6577758789,28.69755045573333,28.702575683600003,28.684326171866665,28.58236694336667,28.410135904933338,28.3621114095,28.48927815753333,28.3953145345,28.39229329426667,28.446431477866668,28.54138014051389
TWN,15.616694132500005,16.832412719716665,18.93595377605,22.163614908866663,25.180918375650005,27.51342773436667,28.22646077473333,27.67388916015,26.088175455716662,23.672836303716664,20.705474853516662,16.5864868164,22.43302875094861
TZA,21.817934744705717,22.47919224330572,23.043902587897144,22.69656808036,21.371364048548568,20.361876569471423,20.778510393411437,21.65101667131429,22.72804478236857,23.593375069762853,23.148776681080005,21.71346348353144,22.115335446313097
UGA,22.227287879361537,23.89499840368461,24.751220703130773,24.00094369740769,22.31595552884616,21.8970665565,22.788487361015378,23.53324303258461,23.43213829626923,22.553502009461532,20.709327110861544,20.541010929969232,22.72043179242436
UKR,-1.6550066266743144,-2.9602190290182286,1.4021667480469795,6.742555454798857,12.486899239682858,17.791850062774284,22.373402622771437,21.27838570731429,14.911833844862857,7.862554059708857,3.2628452845988005,0.2149832589286886,8.642687552316278
UMI,26.2908630371,26.4741210938,26.4811706543,26.696685791,26.9244995117,26.5757446289,25.9291992188,25.3235778809,25.2184143066,25.3235778809,25.608795166,25.8861999512,26.061070760099998
URY,26.9875831604,26.4358215332,23.862277984625003,19.1391029357875,15.5717391967625,12.81563949585,12.6878471374375,14.845371246324998,17.316917419424996,19.76891708375,23.146938323987506,25.594665527337497,19.84773508707396
USA,-5.154955742661549,-3.906052130416409,-0.6134667527344501,4.514660918504032,11.212938189804138,17.020128207312027,19.67577455287505,18.73943871096121,13.534353356110795,7.407914768133639,1.1170618528145997,-3.642664540737206,6.658760949163824
UZB,-2.5255050659178218,-0.5107694353378034,4.632414681572143,11.014128548753929,19.636767796106422,26.362961905333936,29.28273010253572,26.88035038539286,19.34853799002,10.35308946882358,3.1642597743440715,-0.3292813982295,12.275807062783125
VCT,24.012512207,23.7709960938,23.9770202637,24.4736633301,25.049407959,25.6413269043,26.8937683105,28.0223083496,28.0768737793,27.4983215332,26.6175231934,25.1699523926,25.766972859708336
VEN,26.59046892437429,27.021706717357137,27.37915562221143,27.40243530274,26.73796648296857,25.68607177735143,25.385734340122852,28.232755824497147,29.860136195594293,29.539088657928563,28.401437813894287,27.127602713445725,27.44704669770714
VGB,24.3346862793,23.8092041016,23.6211853027,23.8252258301,24.3924255371,25.0580749512,26.1273193359,27.3415222168,27.8643188477,27.6602172852,26.7528686523,25.395904541,25.51524607340833
VIR,24.3346862793,23.8092041016,23.6211853027,23.8252258301,24.3924255371,25.0580749512,26.1273193359,27.3415222168,27.8643188477,27.6602172852,26.7528686523,25.395904541,25.51524607340833
VNM,18.018731435140836,20.46669514975,23.4748764038125,26.20442326862917,27.132240295408337,26.69921366375,26.23936208088749,25.872742970775,24.222635904945832,22.676397959391668,20.02545038859333,17.215504964194583,23.18735620710656
VUT,28.224256243028574,28.655417306071424,28.59031023298572,28.00024414061429,26.41142926898571,24.992074148985715,24.10381644112857,23.84516688754286,24.339808872771425,25.129268101285717,26.36254446844286,27.39038085938572,26.337059747602385
WLF,28.49154663085,28.8998260498,28.853515625,28.7417602539,28.0565948486,27.221130371100003,26.50457763675,26.2964477539,26.60942077635,27.0823059082,27.5200958252,28.039398193350003,27.69305165608333
WSM,28.3790283203,28.842010498,28.8057556152,28.784576416,28.0917663574,27.1739196777,26.4059753418,26.187286377,26.5646362305,27.0004577637,27.4237670898,27.8807678223,27.628328959141665
YEM,19.43976662375,21.21046031605909,24.03542535955,26.978424072263635,30.032376376059087,32.31685430351818,31.74174915661364,31.137646761804547,30.67483659223636,27.061760642309093,23.507214632909093,20.45330255682273,26.54915144949129
ZAF,22.09848645268509,22.132288718706125,21.02671409139592,18.688873291016325,14.90623878945959,12.69481923628551,12.742038026142042,14.948721749442448,17.804072788785714,19.70854840959694,20.49364922971755,21.628401775752657,18.23940437991549
ZMB,20.96664428711333,21.203448486333336,21.13023071289334,21.02094930013333,20.143715413406664,18.91726277669333,19.68812052409334,21.63311055500667,24.63205769857,26.707383219406665,24.69839782715,21.21775309245333,21.829922824437777
ZWE,22.9660778045625,22.8562088012625,22.301168441762503,21.1129951477125,18.977136611937503,17.07881927490625,17.553316116337502,19.659639358499994,23.4051322937,26.836202621456245,25.76594924926875,23.2013683319,21.809501171108852
